source	protein_id	embedding_row	species_abbrev
music_clip_train	HNRNPA1|DANRE|Q803K3	0	DANRE
music_clip_train	AUB|DROME|O76922	1	DROME
music_clip_train	IMP|DROME|Q0KHU2	2	DROME
music_clip_train	ORB2B|DROME|A0A4D6K616	3	DROME
music_clip_train	PEP|DROME|P41073	4	DROME
music_clip_train	AARS|HUMAN|P49588	5	HUMAN
music_clip_train	AATF|HUMAN|Q9NY61	6	HUMAN
music_clip_train	ABCF1|HUMAN|Q8NE71	7	HUMAN
music_clip_train	ACI|HUMAN|Q9UKV3	8	HUMAN
music_clip_train	AGGF1|HUMAN|Q8N302	9	HUMAN
music_clip_train	AGO2|HUMAN|Q9UKV8	10	HUMAN
music_clip_train	AKAP1|HUMAN|Q92667	11	HUMAN
music_clip_train	AKAP8L|HUMAN|Q9ULX6	12	HUMAN
music_clip_train	ALKBH1|HUMAN|Q13686	13	HUMAN
music_clip_train	ALKBH5|HUMAN|Q6P6C2	14	HUMAN
music_clip_train	ALYREF|HUMAN|Q86V81	15	HUMAN
music_clip_train	APOBEC3C|HUMAN|Q9NRW3	16	HUMAN
music_clip_train	AQR|HUMAN|O60306	17	HUMAN
music_clip_train	ATXN2|HUMAN|Q99700	18	HUMAN
music_clip_train	BCCIP|HUMAN|Q9P287	19	HUMAN
music_clip_train	BCLAF1|HUMAN|Q9NYF8	20	HUMAN
music_clip_train	BUD13|HUMAN|Q9BRD0	21	HUMAN
music_clip_train	CAPRIN1|HUMAN|Q14444	22	HUMAN
music_clip_train	CDC40|HUMAN|O60508	23	HUMAN
music_clip_train	CELF2|HUMAN|O95319	24	HUMAN
music_clip_train	CHTOP|HUMAN|Q9Y3Y2	25	HUMAN
music_clip_train	CNBP|HUMAN|P62633	26	HUMAN
music_clip_train	CPEB4|HUMAN|Q17RY0	27	HUMAN
music_clip_train	CPSF1|HUMAN|Q10570	28	HUMAN
music_clip_train	CPSF2|HUMAN|Q9P2I0	29	HUMAN
music_clip_train	CPSF3|HUMAN|Q9UKF6	30	HUMAN
music_clip_train	CPSF4|HUMAN|O95639	31	HUMAN
music_clip_train	CPSF6|HUMAN|Q16630	32	HUMAN
music_clip_train	CPSF7|HUMAN|Q8N684	33	HUMAN
music_clip_train	CSTF2|HUMAN|P33240	34	HUMAN
music_clip_train	CSTF2T|HUMAN|Q9H0L4	35	HUMAN
music_clip_train	DDX21|HUMAN|Q9NR30	36	HUMAN
music_clip_train	DDX24|HUMAN|Q9GZR7	37	HUMAN
music_clip_train	DDX3|HUMAN|O00571	38	HUMAN
music_clip_train	DDX3X|HUMAN|O00571	39	HUMAN
music_clip_train	DDX42|HUMAN|Q86XP3	40	HUMAN
music_clip_train	DDX51|HUMAN|Q8N8A6	41	HUMAN
music_clip_train	DDX52|HUMAN|Q9Y2R4	42	HUMAN
music_clip_train	DDX55|HUMAN|Q8NHQ9	43	HUMAN
music_clip_train	DDX59|HUMAN|Q5T1V6	44	HUMAN
music_clip_train	DDX6|HUMAN|P26196	45	HUMAN
music_clip_train	DGCR8|HUMAN|Q8WYQ5	46	HUMAN
music_clip_train	DHX30|HUMAN|Q7L2E3	47	HUMAN
music_clip_train	DICER1|HUMAN|Q9UPY3	48	HUMAN
music_clip_train	DIS3L2|HUMAN|Q8IYB7	49	HUMAN
music_clip_train	DKC1|HUMAN|O60832	50	HUMAN
music_clip_train	DROSHA|HUMAN|Q9NRR4	51	HUMAN
music_clip_train	EFTUD2|HUMAN|Q15029	52	HUMAN
music_clip_train	EIF3A|HUMAN|Q14152	53	HUMAN
music_clip_train	EIF3B|HUMAN|P55884	54	HUMAN
music_clip_train	EIF3D|HUMAN|O15371	55	HUMAN
music_clip_train	EIF3G|HUMAN|O75821	56	HUMAN
music_clip_train	EIF3H|HUMAN|O15372	57	HUMAN
music_clip_train	EIF4A3|HUMAN|P38919	58	HUMAN
music_clip_train	EIF4G2|HUMAN|P78344	59	HUMAN
music_clip_train	ELAVL1|HUMAN|Q15717	60	HUMAN
music_clip_train	EWSR1|HUMAN|Q01844	61	HUMAN
music_clip_train	EXOSC5|HUMAN|Q9NQT4	62	HUMAN
music_clip_train	FAM120A|HUMAN|Q9NZB2	63	HUMAN
music_clip_train	FASTKD2|HUMAN|Q9NYY8	64	HUMAN
music_clip_train	FBL|HUMAN|P22087	65	HUMAN
music_clip_train	FIP1L1|HUMAN|Q6UN15	66	HUMAN
music_clip_train	FKBP4|HUMAN|Q02790	67	HUMAN
music_clip_train	FMR1|HUMAN|Q06787	68	HUMAN
music_clip_train	FTO|HUMAN|Q9C0B1	69	HUMAN
music_clip_train	FUBP3|HUMAN|Q96I24	70	HUMAN
music_clip_train	FUS|HUMAN|P35637	71	HUMAN
music_clip_train	FXR1|HUMAN|P51114	72	HUMAN
music_clip_train	FXR2|HUMAN|P51116	73	HUMAN
music_clip_train	G3BP1|HUMAN|Q13283	74	HUMAN
music_clip_train	GEMIN5|HUMAN|Q8TEQ6	75	HUMAN
music_clip_train	GNL3|HUMAN|Q9BVP2	76	HUMAN
music_clip_train	GPKOW|HUMAN|Q92917	77	HUMAN
music_clip_train	GRSF1|HUMAN|Q12849	78	HUMAN
music_clip_train	GRWD1|HUMAN|Q9BQ67	79	HUMAN
music_clip_train	GTF2F1|HUMAN|P35269	80	HUMAN
music_clip_train	HLTF|HUMAN|Q14527	81	HUMAN
music_clip_train	HNRNPA1|HUMAN|P09651	82	HUMAN
music_clip_train	HNRNPA2B1|HUMAN|P22626	83	HUMAN
music_clip_train	HNRNPC|HUMAN|P07910	84	HUMAN
music_clip_train	HNRNPD|HUMAN|Q14103	85	HUMAN
music_clip_train	HNRNPF|HUMAN|P52597	86	HUMAN
music_clip_train	HNRNPH|HUMAN|P31943	87	HUMAN
music_clip_train	HNRNPH1|HUMAN|P31943	88	HUMAN
music_clip_train	HNRNPK|HUMAN|P61978	89	HUMAN
music_clip_train	HNRNPL|HUMAN|P14866	90	HUMAN
music_clip_train	HNRNPM|HUMAN|P52272	91	HUMAN
music_clip_train	HNRNPU|HUMAN|Q00839	92	HUMAN
music_clip_train	HNRNPUL1|HUMAN|Q9BUJ2	93	HUMAN
music_clip_train	IGF2BP1|HUMAN|Q9NZI8	94	HUMAN
music_clip_train	IGF2BP2|HUMAN|Q9Y6M1	95	HUMAN
music_clip_train	IGF2BP3|HUMAN|O00425	96	HUMAN
music_clip_train	ILF3|HUMAN|Q12906	97	HUMAN
music_clip_train	IMP3|HUMAN|O00425	98	HUMAN
music_clip_train	KHDRBS1|HUMAN|Q07666	99	HUMAN
music_clip_train	KHSRP|HUMAN|Q92945	100	HUMAN
music_clip_train	LARP4|HUMAN|Q71RC2	101	HUMAN
music_clip_train	LARP7|HUMAN|Q4G0J3	102	HUMAN
music_clip_train	LIN28A|HUMAN|Q9H9Z2	103	HUMAN
music_clip_train	LIN28B|HUMAN|Q6ZN17	104	HUMAN
music_clip_train	LSM11|HUMAN|P83369	105	HUMAN
music_clip_train	MATR3|HUMAN|P43243	106	HUMAN
music_clip_train	MBNL2|HUMAN|Q5VZF2	107	HUMAN
music_clip_train	METAP2|HUMAN|P50579	108	HUMAN
music_clip_train	METTL14|HUMAN|Q9HCE5	109	HUMAN
music_clip_train	METTL3|HUMAN|Q86U44	110	HUMAN
music_clip_train	MKRN1|HUMAN|Q9UHC7	111	HUMAN
music_clip_train	MOV10|HUMAN|Q9HCE1	112	HUMAN
music_clip_train	MTPAP|HUMAN|Q9NVV4	113	HUMAN
music_clip_train	NCBP2|HUMAN|P52298	114	HUMAN
music_clip_train	NCBP3|HUMAN|Q53F19	115	HUMAN
music_clip_train	NIP7|HUMAN|Q9Y221	116	HUMAN
music_clip_train	NIPBL|HUMAN|Q6KC79	117	HUMAN
music_clip_train	NKRF|HUMAN|O15226	118	HUMAN
music_clip_train	NOL12|HUMAN|Q9UGY1	119	HUMAN
music_clip_train	NOLC1|HUMAN|Q14978	120	HUMAN
music_clip_train	NONO|HUMAN|Q15233	121	HUMAN
music_clip_train	NOP56|HUMAN|O00567	122	HUMAN
music_clip_train	NOP58|HUMAN|Q9Y2X3	123	HUMAN
music_clip_train	NPM1|HUMAN|A0A0S2Z491	124	HUMAN
music_clip_train	NSUN2|HUMAN|Q08J23	125	HUMAN
music_clip_train	NUDT21|HUMAN|O43809	126	HUMAN
music_clip_train	NXF1|HUMAN|Q9UBU9	127	HUMAN
music_clip_train	PABPC4|HUMAN|Q13310	128	HUMAN
music_clip_train	PABPN1|HUMAN|Q86U42	129	HUMAN
music_clip_train	PCBP1|HUMAN|Q15365	130	HUMAN
music_clip_train	PCBP2|HUMAN|Q15366	131	HUMAN
music_clip_train	PHF6|HUMAN|Q8IWS0	132	HUMAN
music_clip_train	POLR2G|HUMAN|P62487	133	HUMAN
music_clip_train	PPIG|HUMAN|Q13427	134	HUMAN
music_clip_train	PPIL4|HUMAN|Q8WUA2	135	HUMAN
music_clip_train	PRPF4|HUMAN|O43172	136	HUMAN
music_clip_train	PRPF8|HUMAN|Q6P2Q9	137	HUMAN
music_clip_train	PTBP1|HUMAN|P26599	138	HUMAN
music_clip_train	PUM1|HUMAN|Q14671	139	HUMAN
music_clip_train	PUM2|HUMAN|Q8TB72	140	HUMAN
music_clip_train	PUS1|HUMAN|Q9Y606	141	HUMAN
music_clip_train	QKI|HUMAN|Q96PU8	142	HUMAN
music_clip_train	RBFOX1|HUMAN|Q9NWB1	143	HUMAN
music_clip_train	RBFOX2|HUMAN|O43251	144	HUMAN
music_clip_train	RBM10|HUMAN|P98175	145	HUMAN
music_clip_train	RBM15|HUMAN|Q96T37	146	HUMAN
music_clip_train	RBM15B|HUMAN|Q8NDT2	147	HUMAN
music_clip_train	RBM22|HUMAN|Q9NW64	148	HUMAN
music_clip_train	RBM47|HUMAN|A0AV96	149	HUMAN
music_clip_train	RBM5|HUMAN|P52756	150	HUMAN
music_clip_train	RBPMS|HUMAN|Q93062	151	HUMAN
music_clip_train	RPS11|HUMAN|P62280	152	HUMAN
music_clip_train	RPS3|HUMAN|P23396	153	HUMAN
music_clip_train	RTCB|HUMAN|Q9Y3I0	154	HUMAN
music_clip_train	SAFB|HUMAN|Q15424	155	HUMAN
music_clip_train	SAFB2|HUMAN|Q14151	156	HUMAN
music_clip_train	SDAD1|HUMAN|Q9NVU7	157	HUMAN
music_clip_train	SDOS|HUMAN|Q9BRJ7	158	HUMAN
music_clip_train	SERBP1|HUMAN|Q8NC51	159	HUMAN
music_clip_train	SF3A3|HUMAN|Q12874	160	HUMAN
music_clip_train	SF3B1|HUMAN|O75533	161	HUMAN
music_clip_train	SF3B4|HUMAN|Q15427	162	HUMAN
music_clip_train	SFPQ|HUMAN|P23246	163	HUMAN
music_clip_train	SLBP|HUMAN|Q14493	164	HUMAN
music_clip_train	SLTM|HUMAN|Q9NWH9	165	HUMAN
music_clip_train	SMN|HUMAN|P63162	166	HUMAN
music_clip_train	SMNDC1|HUMAN|O75940	167	HUMAN
music_clip_train	SND1|HUMAN|Q7KZF4	168	HUMAN
music_clip_train	SRRM4|HUMAN|A7MD48	169	HUMAN
music_clip_train	SRSF1|HUMAN|Q07955	170	HUMAN
music_clip_train	SRSF10|HUMAN|O75494	171	HUMAN
music_clip_train	SRSF3|HUMAN|P84103	172	HUMAN
music_clip_train	SRSF7|HUMAN|Q16629	173	HUMAN
music_clip_train	SRSF9|HUMAN|Q13242	174	HUMAN
music_clip_train	SSB|HUMAN|P05455	175	HUMAN
music_clip_train	STAU1|HUMAN|O95793	176	HUMAN
music_clip_train	STAU2|HUMAN|Q9NUL3	177	HUMAN
music_clip_train	SUB1|HUMAN|P53999	178	HUMAN
music_clip_train	SUGP2|HUMAN|Q8IX01	179	HUMAN
music_clip_train	SUPV3L1|HUMAN|Q8IYB8	180	HUMAN
music_clip_train	TAF15|HUMAN|Q92804	181	HUMAN
music_clip_train	TARBP2|HUMAN|Q15633	182	HUMAN
music_clip_train	TARDBP|HUMAN|Q13148	183	HUMAN
music_clip_train	TBRG4|HUMAN|Q969Z0	184	HUMAN
music_clip_train	TDP43|HUMAN|Q13148	185	HUMAN
music_clip_train	TIA1|HUMAN|P31483	186	HUMAN
music_clip_train	TIAL1|HUMAN|Q01085	187	HUMAN
music_clip_train	TNRC6A|HUMAN|Q8NDV7	188	HUMAN
music_clip_train	TNRC6B|HUMAN|Q9UPQ9	189	HUMAN
music_clip_train	TNRC6C|HUMAN|Q9HCJ0	190	HUMAN
music_clip_train	TRA2A|HUMAN|Q13595	191	HUMAN
music_clip_train	TROVE2|HUMAN|P10155	192	HUMAN
music_clip_train	U2AF1|HUMAN|Q01081	193	HUMAN
music_clip_train	U2AF2|HUMAN|P26368	194	HUMAN
music_clip_train	U2AF65|HUMAN|P26368	195	HUMAN
music_clip_train	UCHL5|HUMAN|Q9Y5K5	196	HUMAN
music_clip_train	UNR|HUMAN|O75534	197	HUMAN
music_clip_train	UPF1|HUMAN|Q92900	198	HUMAN
music_clip_train	UTP18|HUMAN|Q9Y5J1	199	HUMAN
music_clip_train	UTP3|HUMAN|Q9NQZ2	200	HUMAN
music_clip_train	WDR3|HUMAN|Q9UNX4	201	HUMAN
music_clip_train	WDR33|HUMAN|Q9C0J8	202	HUMAN
music_clip_train	WDR43|HUMAN|Q15061	203	HUMAN
music_clip_train	WRN|HUMAN|Q14191	204	HUMAN
music_clip_train	WTAP|HUMAN|Q15007	205	HUMAN
music_clip_train	XPO5|HUMAN|Q9HAV4	206	HUMAN
music_clip_train	XRCC6|HUMAN|P12956	207	HUMAN
music_clip_train	XRN2|HUMAN|Q9H0D6	208	HUMAN
music_clip_train	YBX3|HUMAN|P16989	209	HUMAN
music_clip_train	YTHDC1|HUMAN|Q96MU7	210	HUMAN
music_clip_train	YTHDC2|HUMAN|Q9H6S0	211	HUMAN
music_clip_train	YTHDF1|HUMAN|Q9BYJ9	212	HUMAN
music_clip_train	YTHDF2|HUMAN|Q9Y5A9	213	HUMAN
music_clip_train	YTHDF3|HUMAN|Q7Z739	214	HUMAN
music_clip_train	YWHAG|HUMAN|P61981	215	HUMAN
music_clip_train	ZC3H11A|HUMAN|O75152	216	HUMAN
music_clip_train	ZC3H7B|HUMAN|Q9UGR2	217	HUMAN
music_clip_train	ZC3H8|HUMAN|Q8N5P1	218	HUMAN
music_clip_train	ZNF622|HUMAN|Q969S3	219	HUMAN
music_clip_train	ZNF800|HUMAN|Q2TB10	220	HUMAN
music_clip_train	ZRANB2|HUMAN|O95218	221	HUMAN
music_clip_train	AGO2|MOUSE|Q8CJG0	222	MOUSE
music_clip_train	APC|MOUSE|Q61315	223	MOUSE
music_clip_train	CELF1|MOUSE|P28659	224	MOUSE
music_clip_train	CELF2|MOUSE|Q9Z0H4	225	MOUSE
music_clip_train	CELF4|MOUSE|Q7TSY6	226	MOUSE
music_clip_train	CIRBP|MOUSE|P60824	227	MOUSE
music_clip_train	CPSF6|MOUSE|Q6NVF9	228	MOUSE
music_clip_train	CREBBP|MOUSE|P45481	229	MOUSE
music_clip_train	ELAVL1|MOUSE|P70372	230	MOUSE
music_clip_train	EZH2|MOUSE|Q61188	231	MOUSE
music_clip_train	FAM120A|MOUSE|Q6A0A9	232	MOUSE
music_clip_train	FUS|MOUSE|P56959	233	MOUSE
music_clip_train	HNRNPR|MOUSE|Q8VHM5	234	MOUSE
music_clip_train	LIN28A|MOUSE|Q8K3Y3	235	MOUSE
music_clip_train	MBNL1|MOUSE|Q9JKP5	236	MOUSE
music_clip_train	MBNL2|MOUSE|Q8C181	237	MOUSE
music_clip_train	MSI2|MOUSE|Q920Q6	238	MOUSE
music_clip_train	NOVA1|MOUSE|Q9JKN6	239	MOUSE
music_clip_train	NOVA2|MOUSE|A0A1W2P872	240	MOUSE
music_clip_train	PABPC1|MOUSE|P29341	241	MOUSE
music_clip_train	POU5F1|MOUSE|P20263	242	MOUSE
music_clip_train	PTBP1|MOUSE|P17225	243	MOUSE
music_clip_train	PTBP2|MOUSE|Q91Z31	244	MOUSE
music_clip_train	RBFOX1|MOUSE|Q9JJ43	245	MOUSE
music_clip_train	RBFOX2|MOUSE|Q8BP71	246	MOUSE
music_clip_train	RBFOX3|MOUSE|Q8BIF2	247	MOUSE
music_clip_train	RBM10|MOUSE|Q99KG3	248	MOUSE
music_clip_train	RBM3|MOUSE|O89086	249	MOUSE
music_clip_train	SRRM4|MOUSE|Q8BKA3	250	MOUSE
music_clip_train	SRSF1|MOUSE|Q6PDM2	251	MOUSE
music_clip_train	SRSF2|MOUSE|Q62093	252	MOUSE
music_clip_train	SRSF3|MOUSE|P84104	253	MOUSE
music_clip_train	SRSF4|MOUSE|Q8VE97	254	MOUSE
music_clip_train	SRSF7|MOUSE|Q8BL97	255	MOUSE
music_clip_train	TAF15|MOUSE|F6QCI0	256	MOUSE
music_clip_train	TARDBP|MOUSE|Q921F2	257	MOUSE
music_clip_train	TTP|MOUSE|P22893	258	MOUSE
music_clip_train	U2AF2|MOUSE|P26369	259	MOUSE
music_clip_train	UPF1|MOUSE|Q9EPU0	260	MOUSE
music_clip_train	YTHDC2|MOUSE|B2RR83	261	MOUSE
music_clip_train	YY1|MOUSE|Q00899	262	MOUSE
music_clip_train	ZFP36|MOUSE|P22893	263	MOUSE
external	LOC_Os05g24160.1	-1	ORYSJ
external	AtGRP7	-1	ARATH
external	AtGRP8	-1	ARATH
