embedding_row	protein_id	rbp_name	species_abbrev	protein_acc	protein_length	embedding_dim	model	esm_layer	max_aa_len_per_chunk	n_chunks	fasta_header
0	HNRNPA1|DANRE|Q803K3	HNRNPA1	DANRE	Q803K3	422	1280	esm2_t33_650M_UR50D	33	1022	1	>HNRNPA1|DANRE|requested=Q803K3|resolved=Q803K3 tr|Q803K3|Q803K3_DANRE Heterogeneous nuclear ribonucleoprotein A1 OS=Danio rerio OX=7955 GN=hnrnpa1b PE=2 SV=1
1	AUB|DROME|O76922	AUB	DROME	O76922	866	1280	esm2_t33_650M_UR50D	33	1022	1	>AUB|DROME|requested=AUB|resolved=O76922 sp|O76922|AUB_DROME Protein aubergine OS=Drosophila melanogaster OX=7227 GN=aub PE=1 SV=1
2	IMP|DROME|Q0KHU2	IMP	DROME	Q0KHU2	631	1280	esm2_t33_650M_UR50D	33	1022	1	>IMP|DROME|requested=IMP|resolved=Q0KHU2 tr|Q0KHU2|Q0KHU2_DROME IGF-II mRNA-binding protein, isoform K OS=Drosophila melanogaster OX=7227 GN=Imp PE=1 SV=2
3	ORB2B|DROME|A0A4D6K616	ORB2B	DROME	A0A4D6K616	769	1280	esm2_t33_650M_UR50D	33	1022	1	>ORB2B|DROME|requested=ORB2B|resolved=A0A4D6K616 tr|A0A4D6K616|A0A4D6K616_DROME Orb2, isoform J OS=Drosophila melanogaster OX=7227 GN=orb2 PE=4 SV=1
4	PEP|DROME|P41073	PEP	DROME	P41073	716	1280	esm2_t33_650M_UR50D	33	1022	1	>PEP|DROME|requested=PEP|resolved=P41073 sp|P41073|PEP_DROME Zinc finger protein on ecdysone puffs OS=Drosophila melanogaster OX=7227 GN=Pep PE=1 SV=1
5	AARS|HUMAN|P49588	AARS	HUMAN	P49588	968	1280	esm2_t33_650M_UR50D	33	1022	1	>AARS|HUMAN|requested=P49588|resolved=P49588 sp|P49588|SYAC_HUMAN Alanine--tRNA ligase, cytoplasmic OS=Homo sapiens OX=9606 GN=AARS1 PE=1 SV=2
6	AATF|HUMAN|Q9NY61	AATF	HUMAN	Q9NY61	560	1280	esm2_t33_650M_UR50D	33	1022	1	>AATF|HUMAN|requested=Q9NY61|resolved=Q9NY61 sp|Q9NY61|AATF_HUMAN Protein AATF OS=Homo sapiens OX=9606 GN=AATF PE=1 SV=1
7	ABCF1|HUMAN|Q8NE71	ABCF1	HUMAN	Q8NE71	845	1280	esm2_t33_650M_UR50D	33	1022	1	>ABCF1|HUMAN|requested=Q8NE71|resolved=Q8NE71 sp|Q8NE71|ABCF1_HUMAN ATP-binding cassette sub-family F member 1 OS=Homo sapiens OX=9606 GN=ABCF1 PE=1 SV=2
8	ACI|HUMAN|Q9UKV3	ACI	HUMAN	Q9UKV3	1341	1280	esm2_t33_650M_UR50D	33	1022	2	>ACI|HUMAN|requested=ACI|resolved=Q9UKV3 sp|Q9UKV3|ACINU_HUMAN Apoptotic chromatin condensation inducer in the nucleus OS=Homo sapiens OX=9606 GN=ACIN1 PE=1 SV=2
9	AGGF1|HUMAN|Q8N302	AGGF1	HUMAN	Q8N302	714	1280	esm2_t33_650M_UR50D	33	1022	1	>AGGF1|HUMAN|requested=Q8N302|resolved=Q8N302 sp|Q8N302|AGGF1_HUMAN Angiogenic factor with G patch and FHA domains 1 OS=Homo sapiens OX=9606 GN=AGGF1 PE=1 SV=2
10	AGO2|HUMAN|Q9UKV8	AGO2	HUMAN	Q9UKV8	859	1280	esm2_t33_650M_UR50D	33	1022	1	>AGO2|HUMAN|requested=Q9UKV8|resolved=Q9UKV8 sp|Q9UKV8|AGO2_HUMAN Protein argonaute-2 OS=Homo sapiens OX=9606 GN=AGO2 PE=1 SV=3
11	AKAP1|HUMAN|Q92667	AKAP1	HUMAN	Q92667	903	1280	esm2_t33_650M_UR50D	33	1022	1	>AKAP1|HUMAN|requested=Q92667|resolved=Q92667 sp|Q92667|AKAP1_HUMAN A-kinase anchor protein 1, mitochondrial OS=Homo sapiens OX=9606 GN=AKAP1 PE=1 SV=1
12	AKAP8L|HUMAN|Q9ULX6	AKAP8L	HUMAN	Q9ULX6	646	1280	esm2_t33_650M_UR50D	33	1022	1	>AKAP8L|HUMAN|requested=Q9ULX6|resolved=Q9ULX6 sp|Q9ULX6|AKP8L_HUMAN A-kinase anchor protein 8-like OS=Homo sapiens OX=9606 GN=AKAP8L PE=1 SV=4
13	ALKBH1|HUMAN|Q13686	ALKBH1	HUMAN	Q13686	389	1280	esm2_t33_650M_UR50D	33	1022	1	>ALKBH1|HUMAN|requested=Q13686|resolved=Q13686 sp|Q13686|ALKB1_HUMAN Nucleic acid dioxygenase ALKBH1 OS=Homo sapiens OX=9606 GN=ALKBH1 PE=1 SV=2
14	ALKBH5|HUMAN|Q6P6C2	ALKBH5	HUMAN	Q6P6C2	394	1280	esm2_t33_650M_UR50D	33	1022	1	>ALKBH5|HUMAN|requested=Q6P6C2|resolved=Q6P6C2 sp|Q6P6C2|ALKB5_HUMAN RNA demethylase ALKBH5 OS=Homo sapiens OX=9606 GN=ALKBH5 PE=1 SV=2
15	ALYREF|HUMAN|Q86V81	ALYREF	HUMAN	Q86V81	257	1280	esm2_t33_650M_UR50D	33	1022	1	>ALYREF|HUMAN|requested=Q86V81|resolved=Q86V81 sp|Q86V81|THOC4_HUMAN THO complex subunit 4 OS=Homo sapiens OX=9606 GN=ALYREF PE=1 SV=3
16	APOBEC3C|HUMAN|Q9NRW3	APOBEC3C	HUMAN	Q9NRW3	190	1280	esm2_t33_650M_UR50D	33	1022	1	>APOBEC3C|HUMAN|requested=Q9NRW3|resolved=Q9NRW3 sp|Q9NRW3|ABC3C_HUMAN DNA dC->dU-editing enzyme APOBEC-3C OS=Homo sapiens OX=9606 GN=APOBEC3C PE=1 SV=2
17	AQR|HUMAN|O60306	AQR	HUMAN	O60306	1485	1280	esm2_t33_650M_UR50D	33	1022	2	>AQR|HUMAN|requested=O60306|resolved=O60306 sp|O60306|AQR_HUMAN RNA helicase aquarius OS=Homo sapiens OX=9606 GN=AQR PE=1 SV=4
18	ATXN2|HUMAN|Q99700	ATXN2	HUMAN	Q99700	1313	1280	esm2_t33_650M_UR50D	33	1022	2	>ATXN2|HUMAN|requested=Q99700|resolved=Q99700 sp|Q99700|ATX2_HUMAN Ataxin-2 OS=Homo sapiens OX=9606 GN=ATXN2 PE=1 SV=2
19	BCCIP|HUMAN|Q9P287	BCCIP	HUMAN	Q9P287	314	1280	esm2_t33_650M_UR50D	33	1022	1	>BCCIP|HUMAN|requested=Q9P287|resolved=Q9P287 sp|Q9P287|BCCIP_HUMAN BRCA2 and CDKN1A-interacting protein OS=Homo sapiens OX=9606 GN=BCCIP PE=1 SV=1
20	BCLAF1|HUMAN|Q9NYF8	BCLAF1	HUMAN	Q9NYF8	920	1280	esm2_t33_650M_UR50D	33	1022	1	>BCLAF1|HUMAN|requested=Q9NYF8|resolved=Q9NYF8 sp|Q9NYF8|BCLF1_HUMAN Bcl-2-associated transcription factor 1 OS=Homo sapiens OX=9606 GN=BCLAF1 PE=1 SV=2
21	BUD13|HUMAN|Q9BRD0	BUD13	HUMAN	Q9BRD0	619	1280	esm2_t33_650M_UR50D	33	1022	1	>BUD13|HUMAN|requested=Q9BRD0|resolved=Q9BRD0 sp|Q9BRD0|BUD13_HUMAN BUD13 homolog OS=Homo sapiens OX=9606 GN=BUD13 PE=1 SV=1
22	CAPRIN1|HUMAN|Q14444	CAPRIN1	HUMAN	Q14444	709	1280	esm2_t33_650M_UR50D	33	1022	1	>CAPRIN1|HUMAN|requested=Q14444|resolved=Q14444 sp|Q14444|CAPR1_HUMAN Caprin-1 OS=Homo sapiens OX=9606 GN=CAPRIN1 PE=1 SV=2
23	CDC40|HUMAN|O60508	CDC40	HUMAN	O60508	579	1280	esm2_t33_650M_UR50D	33	1022	1	>CDC40|HUMAN|requested=O60508|resolved=O60508 sp|O60508|PRP17_HUMAN Pre-mRNA-processing factor 17 OS=Homo sapiens OX=9606 GN=CDC40 PE=1 SV=1
24	CELF2|HUMAN|O95319	CELF2	HUMAN	O95319	508	1280	esm2_t33_650M_UR50D	33	1022	1	>CELF2|HUMAN|requested=O95319|resolved=O95319 sp|O95319|CELF2_HUMAN CUGBP Elav-like family member 2 OS=Homo sapiens OX=9606 GN=CELF2 PE=1 SV=1
25	CHTOP|HUMAN|Q9Y3Y2	CHTOP	HUMAN	Q9Y3Y2	248	1280	esm2_t33_650M_UR50D	33	1022	1	>CHTOP|HUMAN|requested=Q9Y3Y2|resolved=Q9Y3Y2 sp|Q9Y3Y2|CHTOP_HUMAN Chromatin target of PRMT1 protein OS=Homo sapiens OX=9606 GN=CHTOP PE=1 SV=2
26	CNBP|HUMAN|P62633	CNBP	HUMAN	P62633	177	1280	esm2_t33_650M_UR50D	33	1022	1	>CNBP|HUMAN|requested=P62633|resolved=P62633 sp|P62633|CNBP_HUMAN CCHC-type zinc finger nucleic acid binding protein OS=Homo sapiens OX=9606 GN=CNBP PE=1 SV=1
27	CPEB4|HUMAN|Q17RY0	CPEB4	HUMAN	Q17RY0	729	1280	esm2_t33_650M_UR50D	33	1022	1	>CPEB4|HUMAN|requested=Q17RY0|resolved=Q17RY0 sp|Q17RY0|CPEB4_HUMAN Cytoplasmic polyadenylation element-binding protein 4 OS=Homo sapiens OX=9606 GN=CPEB4 PE=1 SV=1
28	CPSF1|HUMAN|Q10570	CPSF1	HUMAN	Q10570	1443	1280	esm2_t33_650M_UR50D	33	1022	2	>CPSF1|HUMAN|requested=Q10570|resolved=Q10570 sp|Q10570|CPSF1_HUMAN Cleavage and polyadenylation specificity factor subunit 1 OS=Homo sapiens OX=9606 GN=CPSF1 PE=1 SV=2
29	CPSF2|HUMAN|Q9P2I0	CPSF2	HUMAN	Q9P2I0	782	1280	esm2_t33_650M_UR50D	33	1022	1	>CPSF2|HUMAN|requested=Q9P2I0|resolved=Q9P2I0 sp|Q9P2I0|CPSF2_HUMAN Cleavage and polyadenylation specificity factor subunit 2 OS=Homo sapiens OX=9606 GN=CPSF2 PE=1 SV=2
30	CPSF3|HUMAN|Q9UKF6	CPSF3	HUMAN	Q9UKF6	684	1280	esm2_t33_650M_UR50D	33	1022	1	>CPSF3|HUMAN|requested=Q9UKF6|resolved=Q9UKF6 sp|Q9UKF6|CPSF3_HUMAN Cleavage and polyadenylation specificity factor subunit 3 OS=Homo sapiens OX=9606 GN=CPSF3 PE=1 SV=1
31	CPSF4|HUMAN|O95639	CPSF4	HUMAN	O95639	269	1280	esm2_t33_650M_UR50D	33	1022	1	>CPSF4|HUMAN|requested=O95639|resolved=O95639 sp|O95639|CPSF4_HUMAN Cleavage and polyadenylation specificity factor subunit 4 OS=Homo sapiens OX=9606 GN=CPSF4 PE=1 SV=1
32	CPSF6|HUMAN|Q16630	CPSF6	HUMAN	Q16630	551	1280	esm2_t33_650M_UR50D	33	1022	1	>CPSF6|HUMAN|requested=Q16630|resolved=Q16630 sp|Q16630|CPSF6_HUMAN Cleavage and polyadenylation specificity factor subunit 6 OS=Homo sapiens OX=9606 GN=CPSF6 PE=1 SV=2
33	CPSF7|HUMAN|Q8N684	CPSF7	HUMAN	Q8N684	471	1280	esm2_t33_650M_UR50D	33	1022	1	>CPSF7|HUMAN|requested=Q8N684|resolved=Q8N684 sp|Q8N684|CPSF7_HUMAN Cleavage and polyadenylation specificity factor subunit 7 OS=Homo sapiens OX=9606 GN=CPSF7 PE=1 SV=1
34	CSTF2|HUMAN|P33240	CSTF2	HUMAN	P33240	577	1280	esm2_t33_650M_UR50D	33	1022	1	>CSTF2|HUMAN|requested=P33240|resolved=P33240 sp|P33240|CSTF2_HUMAN Cleavage stimulation factor subunit 2 OS=Homo sapiens OX=9606 GN=CSTF2 PE=1 SV=1
35	CSTF2T|HUMAN|Q9H0L4	CSTF2T	HUMAN	Q9H0L4	616	1280	esm2_t33_650M_UR50D	33	1022	1	>CSTF2T|HUMAN|requested=Q9H0L4|resolved=Q9H0L4 sp|Q9H0L4|CSTFT_HUMAN Cleavage stimulation factor subunit 2 tau variant OS=Homo sapiens OX=9606 GN=CSTF2T PE=1 SV=1
36	DDX21|HUMAN|Q9NR30	DDX21	HUMAN	Q9NR30	783	1280	esm2_t33_650M_UR50D	33	1022	1	>DDX21|HUMAN|requested=Q9NR30|resolved=Q9NR30 sp|Q9NR30|DDX21_HUMAN Nucleolar RNA helicase 2 OS=Homo sapiens OX=9606 GN=DDX21 PE=1 SV=5
37	DDX24|HUMAN|Q9GZR7	DDX24	HUMAN	Q9GZR7	859	1280	esm2_t33_650M_UR50D	33	1022	1	>DDX24|HUMAN|requested=Q9GZR7|resolved=Q9GZR7 sp|Q9GZR7|DDX24_HUMAN ATP-dependent RNA helicase DDX24 OS=Homo sapiens OX=9606 GN=DDX24 PE=1 SV=1
38	DDX3|HUMAN|O00571	DDX3	HUMAN	O00571	662	1280	esm2_t33_650M_UR50D	33	1022	1	>DDX3|HUMAN|requested=O00571|resolved=O00571 sp|O00571|DDX3X_HUMAN ATP-dependent RNA helicase DDX3X OS=Homo sapiens OX=9606 GN=DDX3X PE=1 SV=3
39	DDX3X|HUMAN|O00571	DDX3X	HUMAN	O00571	662	1280	esm2_t33_650M_UR50D	33	1022	1	>DDX3X|HUMAN|requested=O00571|resolved=O00571 sp|O00571|DDX3X_HUMAN ATP-dependent RNA helicase DDX3X OS=Homo sapiens OX=9606 GN=DDX3X PE=1 SV=3
40	DDX42|HUMAN|Q86XP3	DDX42	HUMAN	Q86XP3	938	1280	esm2_t33_650M_UR50D	33	1022	1	>DDX42|HUMAN|requested=Q86XP3|resolved=Q86XP3 sp|Q86XP3|DDX42_HUMAN ATP-dependent RNA helicase DDX42 OS=Homo sapiens OX=9606 GN=DDX42 PE=1 SV=1
41	DDX51|HUMAN|Q8N8A6	DDX51	HUMAN	Q8N8A6	666	1280	esm2_t33_650M_UR50D	33	1022	1	>DDX51|HUMAN|requested=Q8N8A6|resolved=Q8N8A6 sp|Q8N8A6|DDX51_HUMAN ATP-dependent RNA helicase DDX51 OS=Homo sapiens OX=9606 GN=DDX51 PE=1 SV=3
42	DDX52|HUMAN|Q9Y2R4	DDX52	HUMAN	Q9Y2R4	599	1280	esm2_t33_650M_UR50D	33	1022	1	>DDX52|HUMAN|requested=Q9Y2R4|resolved=Q9Y2R4 sp|Q9Y2R4|DDX52_HUMAN Probable ATP-dependent RNA helicase DDX52 OS=Homo sapiens OX=9606 GN=DDX52 PE=1 SV=4
43	DDX55|HUMAN|Q8NHQ9	DDX55	HUMAN	Q8NHQ9	600	1280	esm2_t33_650M_UR50D	33	1022	1	>DDX55|HUMAN|requested=Q8NHQ9|resolved=Q8NHQ9 sp|Q8NHQ9|DDX55_HUMAN ATP-dependent RNA helicase DDX55 OS=Homo sapiens OX=9606 GN=DDX55 PE=1 SV=3
44	DDX59|HUMAN|Q5T1V6	DDX59	HUMAN	Q5T1V6	619	1280	esm2_t33_650M_UR50D	33	1022	1	>DDX59|HUMAN|requested=Q5T1V6|resolved=Q5T1V6 sp|Q5T1V6|DDX59_HUMAN Probable ATP-dependent RNA helicase DDX59 OS=Homo sapiens OX=9606 GN=DDX59 PE=1 SV=1
45	DDX6|HUMAN|P26196	DDX6	HUMAN	P26196	483	1280	esm2_t33_650M_UR50D	33	1022	1	>DDX6|HUMAN|requested=P26196|resolved=P26196 sp|P26196|DDX6_HUMAN Probable ATP-dependent RNA helicase DDX6 OS=Homo sapiens OX=9606 GN=DDX6 PE=1 SV=2
46	DGCR8|HUMAN|Q8WYQ5	DGCR8	HUMAN	Q8WYQ5	773	1280	esm2_t33_650M_UR50D	33	1022	1	>DGCR8|HUMAN|requested=Q8WYQ5|resolved=Q8WYQ5 sp|Q8WYQ5|DGCR8_HUMAN Microprocessor complex subunit DGCR8 OS=Homo sapiens OX=9606 GN=DGCR8 PE=1 SV=1
47	DHX30|HUMAN|Q7L2E3	DHX30	HUMAN	Q7L2E3	1194	1280	esm2_t33_650M_UR50D	33	1022	2	>DHX30|HUMAN|requested=Q7L2E3|resolved=Q7L2E3 sp|Q7L2E3|DHX30_HUMAN ATP-dependent RNA helicase DHX30 OS=Homo sapiens OX=9606 GN=DHX30 PE=1 SV=1
48	DICER1|HUMAN|Q9UPY3	DICER1	HUMAN	Q9UPY3	1922	1280	esm2_t33_650M_UR50D	33	1022	2	>DICER1|HUMAN|requested=Q9UPY3|resolved=Q9UPY3 sp|Q9UPY3|DICER_HUMAN Endoribonuclease Dicer OS=Homo sapiens OX=9606 GN=DICER1 PE=1 SV=3
49	DIS3L2|HUMAN|Q8IYB7	DIS3L2	HUMAN	Q8IYB7	885	1280	esm2_t33_650M_UR50D	33	1022	1	>DIS3L2|HUMAN|requested=Q8IYB7|resolved=Q8IYB7 sp|Q8IYB7|DI3L2_HUMAN DIS3-like exonuclease 2 OS=Homo sapiens OX=9606 GN=DIS3L2 PE=1 SV=4
50	DKC1|HUMAN|O60832	DKC1	HUMAN	O60832	514	1280	esm2_t33_650M_UR50D	33	1022	1	>DKC1|HUMAN|requested=O60832|resolved=O60832 sp|O60832|DKC1_HUMAN H/ACA ribonucleoprotein complex subunit DKC1 OS=Homo sapiens OX=9606 GN=DKC1 PE=1 SV=3
51	DROSHA|HUMAN|Q9NRR4	DROSHA	HUMAN	Q9NRR4	1374	1280	esm2_t33_650M_UR50D	33	1022	2	>DROSHA|HUMAN|requested=Q9NRR4|resolved=Q9NRR4 sp|Q9NRR4|RNC_HUMAN Ribonuclease 3 OS=Homo sapiens OX=9606 GN=DROSHA PE=1 SV=2
52	EFTUD2|HUMAN|Q15029	EFTUD2	HUMAN	Q15029	972	1280	esm2_t33_650M_UR50D	33	1022	1	>EFTUD2|HUMAN|requested=Q15029|resolved=Q15029 sp|Q15029|U5S1_HUMAN 116 kDa U5 small nuclear ribonucleoprotein component OS=Homo sapiens OX=9606 GN=EFTUD2 PE=1 SV=1
53	EIF3A|HUMAN|Q14152	EIF3A	HUMAN	Q14152	1382	1280	esm2_t33_650M_UR50D	33	1022	2	>EIF3A|HUMAN|requested=Q14152|resolved=Q14152 sp|Q14152|EIF3A_HUMAN Eukaryotic translation initiation factor 3 subunit A OS=Homo sapiens OX=9606 GN=EIF3A PE=1 SV=1
54	EIF3B|HUMAN|P55884	EIF3B	HUMAN	P55884	814	1280	esm2_t33_650M_UR50D	33	1022	1	>EIF3B|HUMAN|requested=P55884|resolved=P55884 sp|P55884|EIF3B_HUMAN Eukaryotic translation initiation factor 3 subunit B OS=Homo sapiens OX=9606 GN=EIF3B PE=1 SV=3
55	EIF3D|HUMAN|O15371	EIF3D	HUMAN	O15371	548	1280	esm2_t33_650M_UR50D	33	1022	1	>EIF3D|HUMAN|requested=O15371|resolved=O15371 sp|O15371|EIF3D_HUMAN Eukaryotic translation initiation factor 3 subunit D OS=Homo sapiens OX=9606 GN=EIF3D PE=1 SV=1
56	EIF3G|HUMAN|O75821	EIF3G	HUMAN	O75821	320	1280	esm2_t33_650M_UR50D	33	1022	1	>EIF3G|HUMAN|requested=O75821|resolved=O75821 sp|O75821|EIF3G_HUMAN Eukaryotic translation initiation factor 3 subunit G OS=Homo sapiens OX=9606 GN=EIF3G PE=1 SV=2
57	EIF3H|HUMAN|O15372	EIF3H	HUMAN	O15372	352	1280	esm2_t33_650M_UR50D	33	1022	1	>EIF3H|HUMAN|requested=O15372|resolved=O15372 sp|O15372|EIF3H_HUMAN Eukaryotic translation initiation factor 3 subunit H OS=Homo sapiens OX=9606 GN=EIF3H PE=1 SV=1
58	EIF4A3|HUMAN|P38919	EIF4A3	HUMAN	P38919	411	1280	esm2_t33_650M_UR50D	33	1022	1	>EIF4A3|HUMAN|requested=P38919|resolved=P38919 sp|P38919|IF4A3_HUMAN Eukaryotic initiation factor 4A-III OS=Homo sapiens OX=9606 GN=EIF4A3 PE=1 SV=4
59	EIF4G2|HUMAN|P78344	EIF4G2	HUMAN	P78344	907	1280	esm2_t33_650M_UR50D	33	1022	1	>EIF4G2|HUMAN|requested=P78344|resolved=P78344 sp|P78344|IF4G2_HUMAN Eukaryotic translation initiation factor 4 gamma 2 OS=Homo sapiens OX=9606 GN=EIF4G2 PE=1 SV=1
60	ELAVL1|HUMAN|Q15717	ELAVL1	HUMAN	Q15717	326	1280	esm2_t33_650M_UR50D	33	1022	1	>ELAVL1|HUMAN|requested=Q15717|resolved=Q15717 sp|Q15717|ELAV1_HUMAN ELAV-like protein 1 OS=Homo sapiens OX=9606 GN=ELAVL1 PE=1 SV=2
61	EWSR1|HUMAN|Q01844	EWSR1	HUMAN	Q01844	656	1280	esm2_t33_650M_UR50D	33	1022	1	>EWSR1|HUMAN|requested=Q01844|resolved=Q01844 sp|Q01844|EWS_HUMAN RNA-binding protein EWS OS=Homo sapiens OX=9606 GN=EWSR1 PE=1 SV=1
62	EXOSC5|HUMAN|Q9NQT4	EXOSC5	HUMAN	Q9NQT4	235	1280	esm2_t33_650M_UR50D	33	1022	1	>EXOSC5|HUMAN|requested=Q9NQT4|resolved=Q9NQT4 sp|Q9NQT4|EXOS5_HUMAN Exosome complex component RRP46 OS=Homo sapiens OX=9606 GN=EXOSC5 PE=1 SV=1
63	FAM120A|HUMAN|Q9NZB2	FAM120A	HUMAN	Q9NZB2	1118	1280	esm2_t33_650M_UR50D	33	1022	2	>FAM120A|HUMAN|requested=Q9NZB2|resolved=Q9NZB2 sp|Q9NZB2|F120A_HUMAN Constitutive coactivator of PPAR-gamma-like protein 1 OS=Homo sapiens OX=9606 GN=FAM120A PE=1 SV=2
64	FASTKD2|HUMAN|Q9NYY8	FASTKD2	HUMAN	Q9NYY8	710	1280	esm2_t33_650M_UR50D	33	1022	1	>FASTKD2|HUMAN|requested=Q9NYY8|resolved=Q9NYY8 sp|Q9NYY8|FAKD2_HUMAN FAST kinase domain-containing protein 2, mitochondrial OS=Homo sapiens OX=9606 GN=FASTKD2 PE=1 SV=1
65	FBL|HUMAN|P22087	FBL	HUMAN	P22087	321	1280	esm2_t33_650M_UR50D	33	1022	1	>FBL|HUMAN|requested=P22087|resolved=P22087 sp|P22087|FBRL_HUMAN rRNA 2'-O-methyltransferase fibrillarin OS=Homo sapiens OX=9606 GN=FBL PE=1 SV=2
66	FIP1L1|HUMAN|Q6UN15	FIP1L1	HUMAN	Q6UN15	594	1280	esm2_t33_650M_UR50D	33	1022	1	>FIP1L1|HUMAN|requested=Q6UN15|resolved=Q6UN15 sp|Q6UN15|FIP1_HUMAN Pre-mRNA 3'-end-processing factor FIP1 OS=Homo sapiens OX=9606 GN=FIP1L1 PE=1 SV=1
67	FKBP4|HUMAN|Q02790	FKBP4	HUMAN	Q02790	459	1280	esm2_t33_650M_UR50D	33	1022	1	>FKBP4|HUMAN|requested=Q02790|resolved=Q02790 sp|Q02790|FKBP4_HUMAN Peptidyl-prolyl cis-trans isomerase FKBP4 OS=Homo sapiens OX=9606 GN=FKBP4 PE=1 SV=3
68	FMR1|HUMAN|Q06787	FMR1	HUMAN	Q06787	632	1280	esm2_t33_650M_UR50D	33	1022	1	>FMR1|HUMAN|requested=Q06787|resolved=Q06787 sp|Q06787|FMR1_HUMAN Fragile X messenger ribonucleoprotein 1 OS=Homo sapiens OX=9606 GN=FMR1 PE=1 SV=1
69	FTO|HUMAN|Q9C0B1	FTO	HUMAN	Q9C0B1	505	1280	esm2_t33_650M_UR50D	33	1022	1	>FTO|HUMAN|requested=Q9C0B1|resolved=Q9C0B1 sp|Q9C0B1|FTO_HUMAN Alpha-ketoglutarate-dependent dioxygenase FTO OS=Homo sapiens OX=9606 GN=FTO PE=1 SV=3
70	FUBP3|HUMAN|Q96I24	FUBP3	HUMAN	Q96I24	572	1280	esm2_t33_650M_UR50D	33	1022	1	>FUBP3|HUMAN|requested=Q96I24|resolved=Q96I24 sp|Q96I24|FUBP3_HUMAN Far upstream element-binding protein 3 OS=Homo sapiens OX=9606 GN=FUBP3 PE=1 SV=2
71	FUS|HUMAN|P35637	FUS	HUMAN	P35637	526	1280	esm2_t33_650M_UR50D	33	1022	1	>FUS|HUMAN|requested=P35637|resolved=P35637 sp|P35637|FUS_HUMAN RNA-binding protein FUS OS=Homo sapiens OX=9606 GN=FUS PE=1 SV=1
72	FXR1|HUMAN|P51114	FXR1	HUMAN	P51114	621	1280	esm2_t33_650M_UR50D	33	1022	1	>FXR1|HUMAN|requested=P51114|resolved=P51114 sp|P51114|FXR1_HUMAN RNA-binding protein FXR1 OS=Homo sapiens OX=9606 GN=FXR1 PE=1 SV=3
73	FXR2|HUMAN|P51116	FXR2	HUMAN	P51116	673	1280	esm2_t33_650M_UR50D	33	1022	1	>FXR2|HUMAN|requested=P51116|resolved=P51116 sp|P51116|FXR2_HUMAN RNA-binding protein FXR2 OS=Homo sapiens OX=9606 GN=FXR2 PE=1 SV=2
74	G3BP1|HUMAN|Q13283	G3BP1	HUMAN	Q13283	466	1280	esm2_t33_650M_UR50D	33	1022	1	>G3BP1|HUMAN|requested=Q13283|resolved=Q13283 sp|Q13283|G3BP1_HUMAN Ras GTPase-activating protein-binding protein 1 OS=Homo sapiens OX=9606 GN=G3BP1 PE=1 SV=1
75	GEMIN5|HUMAN|Q8TEQ6	GEMIN5	HUMAN	Q8TEQ6	1508	1280	esm2_t33_650M_UR50D	33	1022	2	>GEMIN5|HUMAN|requested=Q8TEQ6|resolved=Q8TEQ6 sp|Q8TEQ6|GEMI5_HUMAN Gem-associated protein 5 OS=Homo sapiens OX=9606 GN=GEMIN5 PE=1 SV=3
76	GNL3|HUMAN|Q9BVP2	GNL3	HUMAN	Q9BVP2	549	1280	esm2_t33_650M_UR50D	33	1022	1	>GNL3|HUMAN|requested=Q9BVP2|resolved=Q9BVP2 sp|Q9BVP2|GNL3_HUMAN Guanine nucleotide-binding protein-like 3 OS=Homo sapiens OX=9606 GN=GNL3 PE=1 SV=2
77	GPKOW|HUMAN|Q92917	GPKOW	HUMAN	Q92917	476	1280	esm2_t33_650M_UR50D	33	1022	1	>GPKOW|HUMAN|requested=Q92917|resolved=Q92917 sp|Q92917|GPKOW_HUMAN G-patch domain and KOW motifs-containing protein OS=Homo sapiens OX=9606 GN=GPKOW PE=1 SV=2
78	GRSF1|HUMAN|Q12849	GRSF1	HUMAN	Q12849	480	1280	esm2_t33_650M_UR50D	33	1022	1	>GRSF1|HUMAN|requested=Q12849|resolved=Q12849 sp|Q12849|GRSF1_HUMAN G-rich sequence factor 1 OS=Homo sapiens OX=9606 GN=GRSF1 PE=1 SV=3
79	GRWD1|HUMAN|Q9BQ67	GRWD1	HUMAN	Q9BQ67	446	1280	esm2_t33_650M_UR50D	33	1022	1	>GRWD1|HUMAN|requested=Q9BQ67|resolved=Q9BQ67 sp|Q9BQ67|GRWD1_HUMAN Glutamate-rich WD repeat-containing protein 1 OS=Homo sapiens OX=9606 GN=GRWD1 PE=1 SV=1
80	GTF2F1|HUMAN|P35269	GTF2F1	HUMAN	P35269	517	1280	esm2_t33_650M_UR50D	33	1022	1	>GTF2F1|HUMAN|requested=P35269|resolved=P35269 sp|P35269|T2FA_HUMAN General transcription factor IIF subunit 1 OS=Homo sapiens OX=9606 GN=GTF2F1 PE=1 SV=2
81	HLTF|HUMAN|Q14527	HLTF	HUMAN	Q14527	1009	1280	esm2_t33_650M_UR50D	33	1022	1	>HLTF|HUMAN|requested=Q14527|resolved=Q14527 sp|Q14527|HLTF_HUMAN DNA-dependent ATPase/E3 ubiquitin-protein ligase HLTF OS=Homo sapiens OX=9606 GN=HLTF PE=1 SV=2
82	HNRNPA1|HUMAN|P09651	HNRNPA1	HUMAN	P09651	372	1280	esm2_t33_650M_UR50D	33	1022	1	>HNRNPA1|HUMAN|requested=P09651|resolved=P09651 sp|P09651|ROA1_HUMAN Heterogeneous nuclear ribonucleoprotein A1 OS=Homo sapiens OX=9606 GN=HNRNPA1 PE=1 SV=5
83	HNRNPA2B1|HUMAN|P22626	HNRNPA2B1	HUMAN	P22626	353	1280	esm2_t33_650M_UR50D	33	1022	1	>HNRNPA2B1|HUMAN|requested=P22626|resolved=P22626 sp|P22626|ROA2_HUMAN Heterogeneous nuclear ribonucleoproteins A2/B1 OS=Homo sapiens OX=9606 GN=HNRNPA2B1 PE=1 SV=2
84	HNRNPC|HUMAN|P07910	HNRNPC	HUMAN	P07910	306	1280	esm2_t33_650M_UR50D	33	1022	1	>HNRNPC|HUMAN|requested=P07910|resolved=P07910 sp|P07910|HNRPC_HUMAN Heterogeneous nuclear ribonucleoproteins C1/C2 OS=Homo sapiens OX=9606 GN=HNRNPC PE=1 SV=4
85	HNRNPD|HUMAN|Q14103	HNRNPD	HUMAN	Q14103	355	1280	esm2_t33_650M_UR50D	33	1022	1	>HNRNPD|HUMAN|requested=Q14103|resolved=Q14103 sp|Q14103|HNRPD_HUMAN Heterogeneous nuclear ribonucleoprotein D0 OS=Homo sapiens OX=9606 GN=HNRNPD PE=1 SV=1
86	HNRNPF|HUMAN|P52597	HNRNPF	HUMAN	P52597	415	1280	esm2_t33_650M_UR50D	33	1022	1	>HNRNPF|HUMAN|requested=P52597|resolved=P52597 sp|P52597|HNRPF_HUMAN Heterogeneous nuclear ribonucleoprotein F OS=Homo sapiens OX=9606 GN=HNRNPF PE=1 SV=3
87	HNRNPH|HUMAN|P31943	HNRNPH	HUMAN	P31943	449	1280	esm2_t33_650M_UR50D	33	1022	1	>HNRNPH|HUMAN|requested=HNRNPH|resolved=P31943 sp|P31943|HNRH1_HUMAN Heterogeneous nuclear ribonucleoprotein H OS=Homo sapiens OX=9606 GN=HNRNPH1 PE=1 SV=4
88	HNRNPH1|HUMAN|P31943	HNRNPH1	HUMAN	P31943	449	1280	esm2_t33_650M_UR50D	33	1022	1	>HNRNPH1|HUMAN|requested=P31943|resolved=P31943 sp|P31943|HNRH1_HUMAN Heterogeneous nuclear ribonucleoprotein H OS=Homo sapiens OX=9606 GN=HNRNPH1 PE=1 SV=4
89	HNRNPK|HUMAN|P61978	HNRNPK	HUMAN	P61978	463	1280	esm2_t33_650M_UR50D	33	1022	1	>HNRNPK|HUMAN|requested=P61978|resolved=P61978 sp|P61978|HNRPK_HUMAN Heterogeneous nuclear ribonucleoprotein K OS=Homo sapiens OX=9606 GN=HNRNPK PE=1 SV=1
90	HNRNPL|HUMAN|P14866	HNRNPL	HUMAN	P14866	589	1280	esm2_t33_650M_UR50D	33	1022	1	>HNRNPL|HUMAN|requested=P14866|resolved=P14866 sp|P14866|HNRPL_HUMAN Heterogeneous nuclear ribonucleoprotein L OS=Homo sapiens OX=9606 GN=HNRNPL PE=1 SV=2
91	HNRNPM|HUMAN|P52272	HNRNPM	HUMAN	P52272	730	1280	esm2_t33_650M_UR50D	33	1022	1	>HNRNPM|HUMAN|requested=P52272|resolved=P52272 sp|P52272|HNRPM_HUMAN Heterogeneous nuclear ribonucleoprotein M OS=Homo sapiens OX=9606 GN=HNRNPM PE=1 SV=3
92	HNRNPU|HUMAN|Q00839	HNRNPU	HUMAN	Q00839	825	1280	esm2_t33_650M_UR50D	33	1022	1	>HNRNPU|HUMAN|requested=Q00839|resolved=Q00839 sp|Q00839|HNRPU_HUMAN Heterogeneous nuclear ribonucleoprotein U OS=Homo sapiens OX=9606 GN=HNRNPU PE=1 SV=6
93	HNRNPUL1|HUMAN|Q9BUJ2	HNRNPUL1	HUMAN	Q9BUJ2	856	1280	esm2_t33_650M_UR50D	33	1022	1	>HNRNPUL1|HUMAN|requested=Q9BUJ2|resolved=Q9BUJ2 sp|Q9BUJ2|HNRL1_HUMAN Heterogeneous nuclear ribonucleoprotein U-like protein 1 OS=Homo sapiens OX=9606 GN=HNRNPUL1 PE=1 SV=2
94	IGF2BP1|HUMAN|Q9NZI8	IGF2BP1	HUMAN	Q9NZI8	577	1280	esm2_t33_650M_UR50D	33	1022	1	>IGF2BP1|HUMAN|requested=Q9NZI8|resolved=Q9NZI8 sp|Q9NZI8|IF2B1_HUMAN Insulin-like growth factor 2 mRNA-binding protein 1 OS=Homo sapiens OX=9606 GN=IGF2BP1 PE=1 SV=2
95	IGF2BP2|HUMAN|Q9Y6M1	IGF2BP2	HUMAN	Q9Y6M1	599	1280	esm2_t33_650M_UR50D	33	1022	1	>IGF2BP2|HUMAN|requested=Q9Y6M1|resolved=Q9Y6M1 sp|Q9Y6M1|IF2B2_HUMAN Insulin-like growth factor 2 mRNA-binding protein 2 OS=Homo sapiens OX=9606 GN=IGF2BP2 PE=1 SV=2
96	IGF2BP3|HUMAN|O00425	IGF2BP3	HUMAN	O00425	579	1280	esm2_t33_650M_UR50D	33	1022	1	>IGF2BP3|HUMAN|requested=O00425|resolved=O00425 sp|O00425|IF2B3_HUMAN Insulin-like growth factor 2 mRNA-binding protein 3 OS=Homo sapiens OX=9606 GN=IGF2BP3 PE=1 SV=2
97	ILF3|HUMAN|Q12906	ILF3	HUMAN	Q12906	894	1280	esm2_t33_650M_UR50D	33	1022	1	>ILF3|HUMAN|requested=Q12906|resolved=Q12906 sp|Q12906|ILF3_HUMAN Interleukin enhancer-binding factor 3 OS=Homo sapiens OX=9606 GN=ILF3 PE=1 SV=3
98	IMP3|HUMAN|O00425	IMP3	HUMAN	O00425	579	1280	esm2_t33_650M_UR50D	33	1022	1	>IMP3|HUMAN|requested=O00425|resolved=O00425 sp|O00425|IF2B3_HUMAN Insulin-like growth factor 2 mRNA-binding protein 3 OS=Homo sapiens OX=9606 GN=IGF2BP3 PE=1 SV=2
99	KHDRBS1|HUMAN|Q07666	KHDRBS1	HUMAN	Q07666	443	1280	esm2_t33_650M_UR50D	33	1022	1	>KHDRBS1|HUMAN|requested=Q07666|resolved=Q07666 sp|Q07666|KHDR1_HUMAN KH domain-containing, RNA-binding, signal transduction-associated protein 1 OS=Homo sapiens OX=9606 GN=KHDRBS1 PE=1 SV=1
100	KHSRP|HUMAN|Q92945	KHSRP	HUMAN	Q92945	711	1280	esm2_t33_650M_UR50D	33	1022	1	>KHSRP|HUMAN|requested=Q92945|resolved=Q92945 sp|Q92945|FUBP2_HUMAN Far upstream element-binding protein 2 OS=Homo sapiens OX=9606 GN=KHSRP PE=1 SV=4
101	LARP4|HUMAN|Q71RC2	LARP4	HUMAN	Q71RC2	724	1280	esm2_t33_650M_UR50D	33	1022	1	>LARP4|HUMAN|requested=Q71RC2|resolved=Q71RC2 sp|Q71RC2|LARP4_HUMAN La-related protein 4 OS=Homo sapiens OX=9606 GN=LARP4 PE=1 SV=3
102	LARP7|HUMAN|Q4G0J3	LARP7	HUMAN	Q4G0J3	582	1280	esm2_t33_650M_UR50D	33	1022	1	>LARP7|HUMAN|requested=Q4G0J3|resolved=Q4G0J3 sp|Q4G0J3|LARP7_HUMAN La-related protein 7 OS=Homo sapiens OX=9606 GN=LARP7 PE=1 SV=1
103	LIN28A|HUMAN|Q9H9Z2	LIN28A	HUMAN	Q9H9Z2	209	1280	esm2_t33_650M_UR50D	33	1022	1	>LIN28A|HUMAN|requested=Q9H9Z2|resolved=Q9H9Z2 sp|Q9H9Z2|LN28A_HUMAN Protein lin-28 homolog A OS=Homo sapiens OX=9606 GN=LIN28A PE=1 SV=1
104	LIN28B|HUMAN|Q6ZN17	LIN28B	HUMAN	Q6ZN17	250	1280	esm2_t33_650M_UR50D	33	1022	1	>LIN28B|HUMAN|requested=Q6ZN17|resolved=Q6ZN17 sp|Q6ZN17|LN28B_HUMAN Protein lin-28 homolog B OS=Homo sapiens OX=9606 GN=LIN28B PE=1 SV=1
105	LSM11|HUMAN|P83369	LSM11	HUMAN	P83369	360	1280	esm2_t33_650M_UR50D	33	1022	1	>LSM11|HUMAN|requested=P83369|resolved=P83369 sp|P83369|LSM11_HUMAN U7 snRNA-associated Sm-like protein LSm11 OS=Homo sapiens OX=9606 GN=LSM11 PE=1 SV=2
106	MATR3|HUMAN|P43243	MATR3	HUMAN	P43243	847	1280	esm2_t33_650M_UR50D	33	1022	1	>MATR3|HUMAN|requested=P43243|resolved=P43243 sp|P43243|MATR3_HUMAN Matrin-3 OS=Homo sapiens OX=9606 GN=MATR3 PE=1 SV=2
107	MBNL2|HUMAN|Q5VZF2	MBNL2	HUMAN	Q5VZF2	373	1280	esm2_t33_650M_UR50D	33	1022	1	>MBNL2|HUMAN|requested=Q5VZF2|resolved=Q5VZF2 sp|Q5VZF2|MBNL2_HUMAN Muscleblind-like protein 2 OS=Homo sapiens OX=9606 GN=MBNL2 PE=1 SV=2
108	METAP2|HUMAN|P50579	METAP2	HUMAN	P50579	478	1280	esm2_t33_650M_UR50D	33	1022	1	>METAP2|HUMAN|requested=P50579|resolved=P50579 sp|P50579|MAP2_HUMAN Methionine aminopeptidase 2 OS=Homo sapiens OX=9606 GN=METAP2 PE=1 SV=1
109	METTL14|HUMAN|Q9HCE5	METTL14	HUMAN	Q9HCE5	456	1280	esm2_t33_650M_UR50D	33	1022	1	>METTL14|HUMAN|requested=Q9HCE5|resolved=Q9HCE5 sp|Q9HCE5|MET14_HUMAN N(6)-adenosine-methyltransferase non-catalytic subunit METTL14 OS=Homo sapiens OX=9606 GN=METTL14 PE=1 SV=2
110	METTL3|HUMAN|Q86U44	METTL3	HUMAN	Q86U44	580	1280	esm2_t33_650M_UR50D	33	1022	1	>METTL3|HUMAN|requested=Q86U44|resolved=Q86U44 sp|Q86U44|MTA70_HUMAN N(6)-adenosine-methyltransferase catalytic subunit METTL3 OS=Homo sapiens OX=9606 GN=METTL3 PE=1 SV=2
111	MKRN1|HUMAN|Q9UHC7	MKRN1	HUMAN	Q9UHC7	482	1280	esm2_t33_650M_UR50D	33	1022	1	>MKRN1|HUMAN|requested=Q9UHC7|resolved=Q9UHC7 sp|Q9UHC7|MKRN1_HUMAN E3 ubiquitin-protein ligase makorin-1 OS=Homo sapiens OX=9606 GN=MKRN1 PE=1 SV=3
112	MOV10|HUMAN|Q9HCE1	MOV10	HUMAN	Q9HCE1	1003	1280	esm2_t33_650M_UR50D	33	1022	1	>MOV10|HUMAN|requested=Q9HCE1|resolved=Q9HCE1 sp|Q9HCE1|MOV10_HUMAN Helicase MOV-10 OS=Homo sapiens OX=9606 GN=MOV10 PE=1 SV=2
113	MTPAP|HUMAN|Q9NVV4	MTPAP	HUMAN	Q9NVV4	582	1280	esm2_t33_650M_UR50D	33	1022	1	>MTPAP|HUMAN|requested=Q9NVV4|resolved=Q9NVV4 sp|Q9NVV4|PAPD1_HUMAN Poly(A) RNA polymerase, mitochondrial OS=Homo sapiens OX=9606 GN=MTPAP PE=1 SV=1
114	NCBP2|HUMAN|P52298	NCBP2	HUMAN	P52298	156	1280	esm2_t33_650M_UR50D	33	1022	1	>NCBP2|HUMAN|requested=P52298|resolved=P52298 sp|P52298|NCBP2_HUMAN Nuclear cap-binding protein subunit 2 OS=Homo sapiens OX=9606 GN=NCBP2 PE=1 SV=1
115	NCBP3|HUMAN|Q53F19	NCBP3	HUMAN	Q53F19	620	1280	esm2_t33_650M_UR50D	33	1022	1	>NCBP3|HUMAN|requested=Q53F19|resolved=Q53F19 sp|Q53F19|NCBP3_HUMAN Nuclear cap-binding protein subunit 3 OS=Homo sapiens OX=9606 GN=NCBP3 PE=1 SV=2
116	NIP7|HUMAN|Q9Y221	NIP7	HUMAN	Q9Y221	180	1280	esm2_t33_650M_UR50D	33	1022	1	>NIP7|HUMAN|requested=Q9Y221|resolved=Q9Y221 sp|Q9Y221|NIP7_HUMAN 60S ribosome subunit biogenesis protein NIP7 homolog OS=Homo sapiens OX=9606 GN=NIP7 PE=1 SV=1
117	NIPBL|HUMAN|Q6KC79	NIPBL	HUMAN	Q6KC79	2804	1280	esm2_t33_650M_UR50D	33	1022	3	>NIPBL|HUMAN|requested=Q6KC79|resolved=Q6KC79 sp|Q6KC79|NIPBL_HUMAN Nipped-B-like protein OS=Homo sapiens OX=9606 GN=NIPBL PE=1 SV=2
118	NKRF|HUMAN|O15226	NKRF	HUMAN	O15226	690	1280	esm2_t33_650M_UR50D	33	1022	1	>NKRF|HUMAN|requested=O15226|resolved=O15226 sp|O15226|NKRF_HUMAN NF-kappa-B-repressing factor OS=Homo sapiens OX=9606 GN=NKRF PE=1 SV=2
119	NOL12|HUMAN|Q9UGY1	NOL12	HUMAN	Q9UGY1	213	1280	esm2_t33_650M_UR50D	33	1022	1	>NOL12|HUMAN|requested=Q9UGY1|resolved=Q9UGY1 sp|Q9UGY1|NOL12_HUMAN Nucleolar protein 12 OS=Homo sapiens OX=9606 GN=NOL12 PE=1 SV=1
120	NOLC1|HUMAN|Q14978	NOLC1	HUMAN	Q14978	699	1280	esm2_t33_650M_UR50D	33	1022	1	>NOLC1|HUMAN|requested=Q14978|resolved=Q14978 sp|Q14978|NOLC1_HUMAN Nucleolar and coiled-body phosphoprotein 1 OS=Homo sapiens OX=9606 GN=NOLC1 PE=1 SV=2
121	NONO|HUMAN|Q15233	NONO	HUMAN	Q15233	471	1280	esm2_t33_650M_UR50D	33	1022	1	>NONO|HUMAN|requested=Q15233|resolved=Q15233 sp|Q15233|NONO_HUMAN Non-POU domain-containing octamer-binding protein OS=Homo sapiens OX=9606 GN=NONO PE=1 SV=4
122	NOP56|HUMAN|O00567	NOP56	HUMAN	O00567	594	1280	esm2_t33_650M_UR50D	33	1022	1	>NOP56|HUMAN|requested=O00567|resolved=O00567 sp|O00567|NOP56_HUMAN Nucleolar protein 56 OS=Homo sapiens OX=9606 GN=NOP56 PE=1 SV=4
123	NOP58|HUMAN|Q9Y2X3	NOP58	HUMAN	Q9Y2X3	529	1280	esm2_t33_650M_UR50D	33	1022	1	>NOP58|HUMAN|requested=Q9Y2X3|resolved=Q9Y2X3 sp|Q9Y2X3|NOP58_HUMAN Nucleolar protein 58 OS=Homo sapiens OX=9606 GN=NOP58 PE=1 SV=1
124	NPM1|HUMAN|A0A0S2Z491	NPM1	HUMAN	A0A0S2Z491	294	1280	esm2_t33_650M_UR50D	33	1022	1	>NPM1|HUMAN|requested=A0A0S2Z491|resolved=A0A0S2Z491 tr|A0A0S2Z491|A0A0S2Z491_HUMAN Nucleophosmin (Fragment) OS=Homo sapiens OX=9606 GN=NPM1 PE=2 SV=1
125	NSUN2|HUMAN|Q08J23	NSUN2	HUMAN	Q08J23	767	1280	esm2_t33_650M_UR50D	33	1022	1	>NSUN2|HUMAN|requested=Q08J23|resolved=Q08J23 sp|Q08J23|NSUN2_HUMAN RNA cytosine C(5)-methyltransferase NSUN2 OS=Homo sapiens OX=9606 GN=NSUN2 PE=1 SV=2
126	NUDT21|HUMAN|O43809	NUDT21	HUMAN	O43809	227	1280	esm2_t33_650M_UR50D	33	1022	1	>NUDT21|HUMAN|requested=O43809|resolved=O43809 sp|O43809|CPSF5_HUMAN Cleavage and polyadenylation specificity factor subunit 5 OS=Homo sapiens OX=9606 GN=NUDT21 PE=1 SV=1
127	NXF1|HUMAN|Q9UBU9	NXF1	HUMAN	Q9UBU9	619	1280	esm2_t33_650M_UR50D	33	1022	1	>NXF1|HUMAN|requested=Q9UBU9|resolved=Q9UBU9 sp|Q9UBU9|NXF1_HUMAN Nuclear RNA export factor 1 OS=Homo sapiens OX=9606 GN=NXF1 PE=1 SV=1
128	PABPC4|HUMAN|Q13310	PABPC4	HUMAN	Q13310	644	1280	esm2_t33_650M_UR50D	33	1022	1	>PABPC4|HUMAN|requested=Q13310|resolved=Q13310 sp|Q13310|PABP4_HUMAN Polyadenylate-binding protein 4 OS=Homo sapiens OX=9606 GN=PABPC4 PE=1 SV=1
129	PABPN1|HUMAN|Q86U42	PABPN1	HUMAN	Q86U42	306	1280	esm2_t33_650M_UR50D	33	1022	1	>PABPN1|HUMAN|requested=Q86U42|resolved=Q86U42 sp|Q86U42|PABP2_HUMAN Polyadenylate-binding protein 2 OS=Homo sapiens OX=9606 GN=PABPN1 PE=1 SV=3
130	PCBP1|HUMAN|Q15365	PCBP1	HUMAN	Q15365	356	1280	esm2_t33_650M_UR50D	33	1022	1	>PCBP1|HUMAN|requested=Q15365|resolved=Q15365 sp|Q15365|PCBP1_HUMAN Poly(rC)-binding protein 1 OS=Homo sapiens OX=9606 GN=PCBP1 PE=1 SV=2
131	PCBP2|HUMAN|Q15366	PCBP2	HUMAN	Q15366	365	1280	esm2_t33_650M_UR50D	33	1022	1	>PCBP2|HUMAN|requested=Q15366|resolved=Q15366 sp|Q15366|PCBP2_HUMAN Poly(rC)-binding protein 2 OS=Homo sapiens OX=9606 GN=PCBP2 PE=1 SV=1
132	PHF6|HUMAN|Q8IWS0	PHF6	HUMAN	Q8IWS0	365	1280	esm2_t33_650M_UR50D	33	1022	1	>PHF6|HUMAN|requested=Q8IWS0|resolved=Q8IWS0 sp|Q8IWS0|PHF6_HUMAN PHD finger protein 6 OS=Homo sapiens OX=9606 GN=PHF6 PE=1 SV=1
133	POLR2G|HUMAN|P62487	POLR2G	HUMAN	P62487	172	1280	esm2_t33_650M_UR50D	33	1022	1	>POLR2G|HUMAN|requested=P62487|resolved=P62487 sp|P62487|RPB7_HUMAN DNA-directed RNA polymerase II subunit RPB7 OS=Homo sapiens OX=9606 GN=POLR2G PE=1 SV=1
134	PPIG|HUMAN|Q13427	PPIG	HUMAN	Q13427	754	1280	esm2_t33_650M_UR50D	33	1022	1	>PPIG|HUMAN|requested=Q13427|resolved=Q13427 sp|Q13427|PPIG_HUMAN Peptidyl-prolyl cis-trans isomerase G OS=Homo sapiens OX=9606 GN=PPIG PE=1 SV=2
135	PPIL4|HUMAN|Q8WUA2	PPIL4	HUMAN	Q8WUA2	492	1280	esm2_t33_650M_UR50D	33	1022	1	>PPIL4|HUMAN|requested=Q8WUA2|resolved=Q8WUA2 sp|Q8WUA2|PPIL4_HUMAN Peptidyl-prolyl cis-trans isomerase-like 4 OS=Homo sapiens OX=9606 GN=PPIL4 PE=1 SV=1
136	PRPF4|HUMAN|O43172	PRPF4	HUMAN	O43172	522	1280	esm2_t33_650M_UR50D	33	1022	1	>PRPF4|HUMAN|requested=O43172|resolved=O43172 sp|O43172|PRP4_HUMAN U4/U6 small nuclear ribonucleoprotein Prp4 OS=Homo sapiens OX=9606 GN=PRPF4 PE=1 SV=2
137	PRPF8|HUMAN|Q6P2Q9	PRPF8	HUMAN	Q6P2Q9	2335	1280	esm2_t33_650M_UR50D	33	1022	3	>PRPF8|HUMAN|requested=Q6P2Q9|resolved=Q6P2Q9 sp|Q6P2Q9|PRP8_HUMAN Pre-mRNA-processing-splicing factor 8 OS=Homo sapiens OX=9606 GN=PRPF8 PE=1 SV=2
138	PTBP1|HUMAN|P26599	PTBP1	HUMAN	P26599	557	1280	esm2_t33_650M_UR50D	33	1022	1	>PTBP1|HUMAN|requested=P26599|resolved=P26599 sp|P26599|PTBP1_HUMAN Polypyrimidine tract-binding protein 1 OS=Homo sapiens OX=9606 GN=PTBP1 PE=1 SV=2
139	PUM1|HUMAN|Q14671	PUM1	HUMAN	Q14671	1186	1280	esm2_t33_650M_UR50D	33	1022	2	>PUM1|HUMAN|requested=Q14671|resolved=Q14671 sp|Q14671|PUM1_HUMAN Pumilio homolog 1 OS=Homo sapiens OX=9606 GN=PUM1 PE=1 SV=3
140	PUM2|HUMAN|Q8TB72	PUM2	HUMAN	Q8TB72	1066	1280	esm2_t33_650M_UR50D	33	1022	2	>PUM2|HUMAN|requested=Q8TB72|resolved=Q8TB72 sp|Q8TB72|PUM2_HUMAN Pumilio homolog 2 OS=Homo sapiens OX=9606 GN=PUM2 PE=1 SV=2
141	PUS1|HUMAN|Q9Y606	PUS1	HUMAN	Q9Y606	427	1280	esm2_t33_650M_UR50D	33	1022	1	>PUS1|HUMAN|requested=Q9Y606|resolved=Q9Y606 sp|Q9Y606|PUS1_HUMAN Pseudouridylate synthase 1 homolog OS=Homo sapiens OX=9606 GN=PUS1 PE=1 SV=3
142	QKI|HUMAN|Q96PU8	QKI	HUMAN	Q96PU8	341	1280	esm2_t33_650M_UR50D	33	1022	1	>QKI|HUMAN|requested=Q96PU8|resolved=Q96PU8 sp|Q96PU8|QKI_HUMAN KH domain-containing RNA-binding protein QKI OS=Homo sapiens OX=9606 GN=QKI PE=1 SV=1
143	RBFOX1|HUMAN|Q9NWB1	RBFOX1	HUMAN	Q9NWB1	397	1280	esm2_t33_650M_UR50D	33	1022	1	>RBFOX1|HUMAN|requested=Q9NWB1|resolved=Q9NWB1 sp|Q9NWB1|RFOX1_HUMAN RNA binding protein fox-1 homolog 1 OS=Homo sapiens OX=9606 GN=RBFOX1 PE=1 SV=2
144	RBFOX2|HUMAN|O43251	RBFOX2	HUMAN	O43251	390	1280	esm2_t33_650M_UR50D	33	1022	1	>RBFOX2|HUMAN|requested=O43251|resolved=O43251 sp|O43251|RFOX2_HUMAN RNA binding protein fox-1 homolog 2 OS=Homo sapiens OX=9606 GN=RBFOX2 PE=1 SV=3
145	RBM10|HUMAN|P98175	RBM10	HUMAN	P98175	930	1280	esm2_t33_650M_UR50D	33	1022	1	>RBM10|HUMAN|requested=P98175|resolved=P98175 sp|P98175|RBM10_HUMAN RNA-binding protein 10 OS=Homo sapiens OX=9606 GN=RBM10 PE=1 SV=3
146	RBM15|HUMAN|Q96T37	RBM15	HUMAN	Q96T37	977	1280	esm2_t33_650M_UR50D	33	1022	1	>RBM15|HUMAN|requested=Q96T37|resolved=Q96T37 sp|Q96T37|RBM15_HUMAN RNA-binding protein 15 OS=Homo sapiens OX=9606 GN=RBM15 PE=1 SV=2
147	RBM15B|HUMAN|Q8NDT2	RBM15B	HUMAN	Q8NDT2	890	1280	esm2_t33_650M_UR50D	33	1022	1	>RBM15B|HUMAN|requested=Q8NDT2|resolved=Q8NDT2 sp|Q8NDT2|RB15B_HUMAN Putative RNA-binding protein 15B OS=Homo sapiens OX=9606 GN=RBM15B PE=1 SV=3
148	RBM22|HUMAN|Q9NW64	RBM22	HUMAN	Q9NW64	420	1280	esm2_t33_650M_UR50D	33	1022	1	>RBM22|HUMAN|requested=Q9NW64|resolved=Q9NW64 sp|Q9NW64|RBM22_HUMAN Pre-mRNA-splicing factor RBM22 OS=Homo sapiens OX=9606 GN=RBM22 PE=1 SV=1
149	RBM47|HUMAN|A0AV96	RBM47	HUMAN	A0AV96	593	1280	esm2_t33_650M_UR50D	33	1022	1	>RBM47|HUMAN|requested=A0AV96|resolved=A0AV96 sp|A0AV96|RBM47_HUMAN RNA-binding protein 47 OS=Homo sapiens OX=9606 GN=RBM47 PE=1 SV=2
150	RBM5|HUMAN|P52756	RBM5	HUMAN	P52756	815	1280	esm2_t33_650M_UR50D	33	1022	1	>RBM5|HUMAN|requested=P52756|resolved=P52756 sp|P52756|RBM5_HUMAN RNA-binding protein 5 OS=Homo sapiens OX=9606 GN=RBM5 PE=1 SV=2
151	RBPMS|HUMAN|Q93062	RBPMS	HUMAN	Q93062	196	1280	esm2_t33_650M_UR50D	33	1022	1	>RBPMS|HUMAN|requested=Q93062|resolved=Q93062 sp|Q93062|RBPMS_HUMAN RNA-binding protein with multiple splicing OS=Homo sapiens OX=9606 GN=RBPMS PE=1 SV=1
152	RPS11|HUMAN|P62280	RPS11	HUMAN	P62280	158	1280	esm2_t33_650M_UR50D	33	1022	1	>RPS11|HUMAN|requested=P62280|resolved=P62280 sp|P62280|RS11_HUMAN Small ribosomal subunit protein uS17 OS=Homo sapiens OX=9606 GN=RPS11 PE=1 SV=3
153	RPS3|HUMAN|P23396	RPS3	HUMAN	P23396	243	1280	esm2_t33_650M_UR50D	33	1022	1	>RPS3|HUMAN|requested=P23396|resolved=P23396 sp|P23396|RS3_HUMAN Small ribosomal subunit protein uS3 OS=Homo sapiens OX=9606 GN=RPS3 PE=1 SV=2
154	RTCB|HUMAN|Q9Y3I0	RTCB	HUMAN	Q9Y3I0	505	1280	esm2_t33_650M_UR50D	33	1022	1	>RTCB|HUMAN|requested=Q9Y3I0|resolved=Q9Y3I0 sp|Q9Y3I0|RTCB_HUMAN RNA-splicing ligase RTCB OS=Homo sapiens OX=9606 GN=RTCB PE=1 SV=1
155	SAFB|HUMAN|Q15424	SAFB	HUMAN	Q15424	915	1280	esm2_t33_650M_UR50D	33	1022	1	>SAFB|HUMAN|requested=Q15424|resolved=Q15424 sp|Q15424|SAFB1_HUMAN Scaffold attachment factor B1 OS=Homo sapiens OX=9606 GN=SAFB PE=1 SV=4
156	SAFB2|HUMAN|Q14151	SAFB2	HUMAN	Q14151	953	1280	esm2_t33_650M_UR50D	33	1022	1	>SAFB2|HUMAN|requested=Q14151|resolved=Q14151 sp|Q14151|SAFB2_HUMAN Scaffold attachment factor B2 OS=Homo sapiens OX=9606 GN=SAFB2 PE=1 SV=1
157	SDAD1|HUMAN|Q9NVU7	SDAD1	HUMAN	Q9NVU7	687	1280	esm2_t33_650M_UR50D	33	1022	1	>SDAD1|HUMAN|requested=Q9NVU7|resolved=Q9NVU7 sp|Q9NVU7|SDA1_HUMAN Protein SDA1 homolog OS=Homo sapiens OX=9606 GN=SDAD1 PE=1 SV=3
158	SDOS|HUMAN|Q9BRJ7	SDOS	HUMAN	Q9BRJ7	211	1280	esm2_t33_650M_UR50D	33	1022	1	>SDOS|HUMAN|requested=Q9BRJ7|resolved=Q9BRJ7 sp|Q9BRJ7|TIRR_HUMAN Tudor-interacting repair regulator protein OS=Homo sapiens OX=9606 GN=NUDT16L1 PE=1 SV=1
159	SERBP1|HUMAN|Q8NC51	SERBP1	HUMAN	Q8NC51	408	1280	esm2_t33_650M_UR50D	33	1022	1	>SERBP1|HUMAN|requested=Q8NC51|resolved=Q8NC51 sp|Q8NC51|SERB1_HUMAN SERPINE1 mRNA-binding protein 1 OS=Homo sapiens OX=9606 GN=SERBP1 PE=1 SV=2
160	SF3A3|HUMAN|Q12874	SF3A3	HUMAN	Q12874	501	1280	esm2_t33_650M_UR50D	33	1022	1	>SF3A3|HUMAN|requested=Q12874|resolved=Q12874 sp|Q12874|SF3A3_HUMAN Splicing factor 3A subunit 3 OS=Homo sapiens OX=9606 GN=SF3A3 PE=1 SV=1
161	SF3B1|HUMAN|O75533	SF3B1	HUMAN	O75533	1304	1280	esm2_t33_650M_UR50D	33	1022	2	>SF3B1|HUMAN|requested=O75533|resolved=O75533 sp|O75533|SF3B1_HUMAN Splicing factor 3B subunit 1 OS=Homo sapiens OX=9606 GN=SF3B1 PE=1 SV=3
162	SF3B4|HUMAN|Q15427	SF3B4	HUMAN	Q15427	424	1280	esm2_t33_650M_UR50D	33	1022	1	>SF3B4|HUMAN|requested=Q15427|resolved=Q15427 sp|Q15427|SF3B4_HUMAN Splicing factor 3B subunit 4 OS=Homo sapiens OX=9606 GN=SF3B4 PE=1 SV=1
163	SFPQ|HUMAN|P23246	SFPQ	HUMAN	P23246	707	1280	esm2_t33_650M_UR50D	33	1022	1	>SFPQ|HUMAN|requested=P23246|resolved=P23246 sp|P23246|SFPQ_HUMAN Splicing factor, proline- and glutamine-rich OS=Homo sapiens OX=9606 GN=SFPQ PE=1 SV=2
164	SLBP|HUMAN|Q14493	SLBP	HUMAN	Q14493	270	1280	esm2_t33_650M_UR50D	33	1022	1	>SLBP|HUMAN|requested=Q14493|resolved=Q14493 sp|Q14493|SLBP_HUMAN Histone RNA hairpin-binding protein OS=Homo sapiens OX=9606 GN=SLBP PE=1 SV=1
165	SLTM|HUMAN|Q9NWH9	SLTM	HUMAN	Q9NWH9	1034	1280	esm2_t33_650M_UR50D	33	1022	2	>SLTM|HUMAN|requested=Q9NWH9|resolved=Q9NWH9 sp|Q9NWH9|SLTM_HUMAN SAFB-like transcription modulator OS=Homo sapiens OX=9606 GN=SLTM PE=1 SV=2
166	SMN|HUMAN|P63162	SMN	HUMAN	P63162	240	1280	esm2_t33_650M_UR50D	33	1022	1	>SMN|HUMAN|requested=P63162|resolved=P63162 sp|P63162|RSMN_HUMAN Small nuclear ribonucleoprotein-associated protein N OS=Homo sapiens OX=9606 GN=SNRPN PE=1 SV=1
167	SMNDC1|HUMAN|O75940	SMNDC1	HUMAN	O75940	238	1280	esm2_t33_650M_UR50D	33	1022	1	>SMNDC1|HUMAN|requested=O75940|resolved=O75940 sp|O75940|SPF30_HUMAN Survival of motor neuron-related-splicing factor 30 OS=Homo sapiens OX=9606 GN=SMNDC1 PE=1 SV=1
168	SND1|HUMAN|Q7KZF4	SND1	HUMAN	Q7KZF4	910	1280	esm2_t33_650M_UR50D	33	1022	1	>SND1|HUMAN|requested=Q7KZF4|resolved=Q7KZF4 sp|Q7KZF4|SND1_HUMAN Staphylococcal nuclease domain-containing protein 1 OS=Homo sapiens OX=9606 GN=SND1 PE=1 SV=1
169	SRRM4|HUMAN|A7MD48	SRRM4	HUMAN	A7MD48	611	1280	esm2_t33_650M_UR50D	33	1022	1	>SRRM4|HUMAN|requested=A7MD48|resolved=A7MD48 sp|A7MD48|SRRM4_HUMAN Serine/arginine repetitive matrix protein 4 OS=Homo sapiens OX=9606 GN=SRRM4 PE=1 SV=2
170	SRSF1|HUMAN|Q07955	SRSF1	HUMAN	Q07955	248	1280	esm2_t33_650M_UR50D	33	1022	1	>SRSF1|HUMAN|requested=Q07955|resolved=Q07955 sp|Q07955|SRSF1_HUMAN Serine/arginine-rich splicing factor 1 OS=Homo sapiens OX=9606 GN=SRSF1 PE=1 SV=2
171	SRSF10|HUMAN|O75494	SRSF10	HUMAN	O75494	262	1280	esm2_t33_650M_UR50D	33	1022	1	>SRSF10|HUMAN|requested=O75494|resolved=O75494 sp|O75494|SRS10_HUMAN Serine/arginine-rich splicing factor 10 OS=Homo sapiens OX=9606 GN=SRSF10 PE=1 SV=1
172	SRSF3|HUMAN|P84103	SRSF3	HUMAN	P84103	164	1280	esm2_t33_650M_UR50D	33	1022	1	>SRSF3|HUMAN|requested=P84103|resolved=P84103 sp|P84103|SRSF3_HUMAN Serine/arginine-rich splicing factor 3 OS=Homo sapiens OX=9606 GN=SRSF3 PE=1 SV=1
173	SRSF7|HUMAN|Q16629	SRSF7	HUMAN	Q16629	238	1280	esm2_t33_650M_UR50D	33	1022	1	>SRSF7|HUMAN|requested=Q16629|resolved=Q16629 sp|Q16629|SRSF7_HUMAN Serine/arginine-rich splicing factor 7 OS=Homo sapiens OX=9606 GN=SRSF7 PE=1 SV=1
174	SRSF9|HUMAN|Q13242	SRSF9	HUMAN	Q13242	221	1280	esm2_t33_650M_UR50D	33	1022	1	>SRSF9|HUMAN|requested=Q13242|resolved=Q13242 sp|Q13242|SRSF9_HUMAN Serine/arginine-rich splicing factor 9 OS=Homo sapiens OX=9606 GN=SRSF9 PE=1 SV=1
175	SSB|HUMAN|P05455	SSB	HUMAN	P05455	408	1280	esm2_t33_650M_UR50D	33	1022	1	>SSB|HUMAN|requested=P05455|resolved=P05455 sp|P05455|LA_HUMAN Lupus La protein OS=Homo sapiens OX=9606 GN=SSB PE=1 SV=2
176	STAU1|HUMAN|O95793	STAU1	HUMAN	O95793	577	1280	esm2_t33_650M_UR50D	33	1022	1	>STAU1|HUMAN|requested=O95793|resolved=O95793 sp|O95793|STAU1_HUMAN Double-stranded RNA-binding protein Staufen homolog 1 OS=Homo sapiens OX=9606 GN=STAU1 PE=1 SV=2
177	STAU2|HUMAN|Q9NUL3	STAU2	HUMAN	Q9NUL3	570	1280	esm2_t33_650M_UR50D	33	1022	1	>STAU2|HUMAN|requested=Q9NUL3|resolved=Q9NUL3 sp|Q9NUL3|STAU2_HUMAN Double-stranded RNA-binding protein Staufen homolog 2 OS=Homo sapiens OX=9606 GN=STAU2 PE=1 SV=2
178	SUB1|HUMAN|P53999	SUB1	HUMAN	P53999	127	1280	esm2_t33_650M_UR50D	33	1022	1	>SUB1|HUMAN|requested=P53999|resolved=P53999 sp|P53999|TCP4_HUMAN Activated RNA polymerase II transcriptional coactivator p15 OS=Homo sapiens OX=9606 GN=SUB1 PE=1 SV=3
179	SUGP2|HUMAN|Q8IX01	SUGP2	HUMAN	Q8IX01	1082	1280	esm2_t33_650M_UR50D	33	1022	2	>SUGP2|HUMAN|requested=Q8IX01|resolved=Q8IX01 sp|Q8IX01|SUGP2_HUMAN SURP and G-patch domain-containing protein 2 OS=Homo sapiens OX=9606 GN=SUGP2 PE=1 SV=2
180	SUPV3L1|HUMAN|Q8IYB8	SUPV3L1	HUMAN	Q8IYB8	786	1280	esm2_t33_650M_UR50D	33	1022	1	>SUPV3L1|HUMAN|requested=Q8IYB8|resolved=Q8IYB8 sp|Q8IYB8|SUV3_HUMAN ATP-dependent RNA helicase SUPV3L1, mitochondrial OS=Homo sapiens OX=9606 GN=SUPV3L1 PE=1 SV=1
181	TAF15|HUMAN|Q92804	TAF15	HUMAN	Q92804	592	1280	esm2_t33_650M_UR50D	33	1022	1	>TAF15|HUMAN|requested=Q92804|resolved=Q92804 sp|Q92804|RBP56_HUMAN TATA-binding protein-associated factor 2N OS=Homo sapiens OX=9606 GN=TAF15 PE=1 SV=1
182	TARBP2|HUMAN|Q15633	TARBP2	HUMAN	Q15633	366	1280	esm2_t33_650M_UR50D	33	1022	1	>TARBP2|HUMAN|requested=Q15633|resolved=Q15633 sp|Q15633|TRBP2_HUMAN RISC-loading complex subunit TARBP2 OS=Homo sapiens OX=9606 GN=TARBP2 PE=1 SV=3
183	TARDBP|HUMAN|Q13148	TARDBP	HUMAN	Q13148	414	1280	esm2_t33_650M_UR50D	33	1022	1	>TARDBP|HUMAN|requested=Q13148|resolved=Q13148 sp|Q13148|TADBP_HUMAN TAR DNA-binding protein 43 OS=Homo sapiens OX=9606 GN=TARDBP PE=1 SV=1
184	TBRG4|HUMAN|Q969Z0	TBRG4	HUMAN	Q969Z0	631	1280	esm2_t33_650M_UR50D	33	1022	1	>TBRG4|HUMAN|requested=Q969Z0|resolved=Q969Z0 sp|Q969Z0|FAKD4_HUMAN FAST kinase domain-containing protein 4 OS=Homo sapiens OX=9606 GN=TBRG4 PE=1 SV=1
185	TDP43|HUMAN|Q13148	TDP43	HUMAN	Q13148	414	1280	esm2_t33_650M_UR50D	33	1022	1	>TDP43|HUMAN|requested=Q13148|resolved=Q13148 sp|Q13148|TADBP_HUMAN TAR DNA-binding protein 43 OS=Homo sapiens OX=9606 GN=TARDBP PE=1 SV=1
186	TIA1|HUMAN|P31483	TIA1	HUMAN	P31483	386	1280	esm2_t33_650M_UR50D	33	1022	1	>TIA1|HUMAN|requested=P31483|resolved=P31483 sp|P31483|TIA1_HUMAN Cytotoxic granule associated RNA binding protein TIA1 OS=Homo sapiens OX=9606 GN=TIA1 PE=1 SV=3
187	TIAL1|HUMAN|Q01085	TIAL1	HUMAN	Q01085	375	1280	esm2_t33_650M_UR50D	33	1022	1	>TIAL1|HUMAN|requested=Q01085|resolved=Q01085 sp|Q01085|TIAR_HUMAN Nucleolysin TIAR OS=Homo sapiens OX=9606 GN=TIAL1 PE=1 SV=1
188	TNRC6A|HUMAN|Q8NDV7	TNRC6A	HUMAN	Q8NDV7	1962	1280	esm2_t33_650M_UR50D	33	1022	2	>TNRC6A|HUMAN|requested=Q8NDV7|resolved=Q8NDV7 sp|Q8NDV7|TNR6A_HUMAN Trinucleotide repeat-containing gene 6A protein OS=Homo sapiens OX=9606 GN=TNRC6A PE=1 SV=2
189	TNRC6B|HUMAN|Q9UPQ9	TNRC6B	HUMAN	Q9UPQ9	1833	1280	esm2_t33_650M_UR50D	33	1022	2	>TNRC6B|HUMAN|requested=Q9UPQ9|resolved=Q9UPQ9 sp|Q9UPQ9|TNR6B_HUMAN Trinucleotide repeat-containing gene 6B protein OS=Homo sapiens OX=9606 GN=TNRC6B PE=1 SV=4
190	TNRC6C|HUMAN|Q9HCJ0	TNRC6C	HUMAN	Q9HCJ0	1936	1280	esm2_t33_650M_UR50D	33	1022	2	>TNRC6C|HUMAN|requested=Q9HCJ0|resolved=Q9HCJ0 sp|Q9HCJ0|TNR6C_HUMAN Trinucleotide repeat-containing gene 6C protein OS=Homo sapiens OX=9606 GN=TNRC6C PE=1 SV=4
191	TRA2A|HUMAN|Q13595	TRA2A	HUMAN	Q13595	282	1280	esm2_t33_650M_UR50D	33	1022	1	>TRA2A|HUMAN|requested=Q13595|resolved=Q13595 sp|Q13595|TRA2A_HUMAN Transformer-2 protein homolog alpha OS=Homo sapiens OX=9606 GN=TRA2A PE=1 SV=1
192	TROVE2|HUMAN|P10155	TROVE2	HUMAN	P10155	538	1280	esm2_t33_650M_UR50D	33	1022	1	>TROVE2|HUMAN|requested=P10155|resolved=P10155 sp|P10155|RO60_HUMAN RNA-binding protein RO60 OS=Homo sapiens OX=9606 GN=RO60 PE=1 SV=2
193	U2AF1|HUMAN|Q01081	U2AF1	HUMAN	Q01081	240	1280	esm2_t33_650M_UR50D	33	1022	1	>U2AF1|HUMAN|requested=Q01081|resolved=Q01081 sp|Q01081|U2AF1_HUMAN Splicing factor U2AF 35 kDa subunit OS=Homo sapiens OX=9606 GN=U2AF1 PE=1 SV=3
194	U2AF2|HUMAN|P26368	U2AF2	HUMAN	P26368	475	1280	esm2_t33_650M_UR50D	33	1022	1	>U2AF2|HUMAN|requested=P26368|resolved=P26368 sp|P26368|U2AF2_HUMAN Splicing factor U2AF 65 kDa subunit OS=Homo sapiens OX=9606 GN=U2AF2 PE=1 SV=4
195	U2AF65|HUMAN|P26368	U2AF65	HUMAN	P26368	475	1280	esm2_t33_650M_UR50D	33	1022	1	>U2AF65|HUMAN|requested=P26368|resolved=P26368 sp|P26368|U2AF2_HUMAN Splicing factor U2AF 65 kDa subunit OS=Homo sapiens OX=9606 GN=U2AF2 PE=1 SV=4
196	UCHL5|HUMAN|Q9Y5K5	UCHL5	HUMAN	Q9Y5K5	329	1280	esm2_t33_650M_UR50D	33	1022	1	>UCHL5|HUMAN|requested=Q9Y5K5|resolved=Q9Y5K5 sp|Q9Y5K5|UCHL5_HUMAN Ubiquitin carboxyl-terminal hydrolase isozyme L5 OS=Homo sapiens OX=9606 GN=UCHL5 PE=1 SV=3
197	UNR|HUMAN|O75534	UNR	HUMAN	O75534	798	1280	esm2_t33_650M_UR50D	33	1022	1	>UNR|HUMAN|requested=UNR|resolved=O75534 sp|O75534|CSDE1_HUMAN Cold shock domain-containing protein E1 OS=Homo sapiens OX=9606 GN=CSDE1 PE=1 SV=2
198	UPF1|HUMAN|Q92900	UPF1	HUMAN	Q92900	1129	1280	esm2_t33_650M_UR50D	33	1022	2	>UPF1|HUMAN|requested=Q92900|resolved=Q92900 sp|Q92900|RENT1_HUMAN Regulator of nonsense transcripts 1 OS=Homo sapiens OX=9606 GN=UPF1 PE=1 SV=2
199	UTP18|HUMAN|Q9Y5J1	UTP18	HUMAN	Q9Y5J1	556	1280	esm2_t33_650M_UR50D	33	1022	1	>UTP18|HUMAN|requested=Q9Y5J1|resolved=Q9Y5J1 sp|Q9Y5J1|UTP18_HUMAN U3 small nucleolar RNA-associated protein 18 homolog OS=Homo sapiens OX=9606 GN=UTP18 PE=1 SV=3
200	UTP3|HUMAN|Q9NQZ2	UTP3	HUMAN	Q9NQZ2	479	1280	esm2_t33_650M_UR50D	33	1022	1	>UTP3|HUMAN|requested=Q9NQZ2|resolved=Q9NQZ2 sp|Q9NQZ2|SAS10_HUMAN Something about silencing protein 10 OS=Homo sapiens OX=9606 GN=UTP3 PE=1 SV=1
201	WDR3|HUMAN|Q9UNX4	WDR3	HUMAN	Q9UNX4	943	1280	esm2_t33_650M_UR50D	33	1022	1	>WDR3|HUMAN|requested=Q9UNX4|resolved=Q9UNX4 sp|Q9UNX4|WDR3_HUMAN WD repeat-containing protein 3 OS=Homo sapiens OX=9606 GN=WDR3 PE=1 SV=1
202	WDR33|HUMAN|Q9C0J8	WDR33	HUMAN	Q9C0J8	1336	1280	esm2_t33_650M_UR50D	33	1022	2	>WDR33|HUMAN|requested=Q9C0J8|resolved=Q9C0J8 sp|Q9C0J8|WDR33_HUMAN pre-mRNA 3' end processing protein WDR33 OS=Homo sapiens OX=9606 GN=WDR33 PE=1 SV=2
203	WDR43|HUMAN|Q15061	WDR43	HUMAN	Q15061	677	1280	esm2_t33_650M_UR50D	33	1022	1	>WDR43|HUMAN|requested=Q15061|resolved=Q15061 sp|Q15061|WDR43_HUMAN WD repeat-containing protein 43 OS=Homo sapiens OX=9606 GN=WDR43 PE=1 SV=3
204	WRN|HUMAN|Q14191	WRN	HUMAN	Q14191	1432	1280	esm2_t33_650M_UR50D	33	1022	2	>WRN|HUMAN|requested=Q14191|resolved=Q14191 sp|Q14191|WRN_HUMAN Bifunctional 3'-5' exonuclease/ATP-dependent helicase WRN OS=Homo sapiens OX=9606 GN=WRN PE=1 SV=2
205	WTAP|HUMAN|Q15007	WTAP	HUMAN	Q15007	396	1280	esm2_t33_650M_UR50D	33	1022	1	>WTAP|HUMAN|requested=Q15007|resolved=Q15007 sp|Q15007|FL2D_HUMAN Pre-mRNA-splicing regulator WTAP OS=Homo sapiens OX=9606 GN=WTAP PE=1 SV=2
206	XPO5|HUMAN|Q9HAV4	XPO5	HUMAN	Q9HAV4	1204	1280	esm2_t33_650M_UR50D	33	1022	2	>XPO5|HUMAN|requested=Q9HAV4|resolved=Q9HAV4 sp|Q9HAV4|XPO5_HUMAN Exportin-5 OS=Homo sapiens OX=9606 GN=XPO5 PE=1 SV=1
207	XRCC6|HUMAN|P12956	XRCC6	HUMAN	P12956	609	1280	esm2_t33_650M_UR50D	33	1022	1	>XRCC6|HUMAN|requested=P12956|resolved=P12956 sp|P12956|XRCC6_HUMAN DNA repair protein Ku70 OS=Homo sapiens OX=9606 GN=XRCC6 PE=1 SV=2
208	XRN2|HUMAN|Q9H0D6	XRN2	HUMAN	Q9H0D6	950	1280	esm2_t33_650M_UR50D	33	1022	1	>XRN2|HUMAN|requested=Q9H0D6|resolved=Q9H0D6 sp|Q9H0D6|XRN2_HUMAN 5'-3' exoribonuclease 2 OS=Homo sapiens OX=9606 GN=XRN2 PE=1 SV=1
209	YBX3|HUMAN|P16989	YBX3	HUMAN	P16989	372	1280	esm2_t33_650M_UR50D	33	1022	1	>YBX3|HUMAN|requested=P16989|resolved=P16989 sp|P16989|YBOX3_HUMAN Y-box-binding protein 3 OS=Homo sapiens OX=9606 GN=YBX3 PE=1 SV=4
210	YTHDC1|HUMAN|Q96MU7	YTHDC1	HUMAN	Q96MU7	727	1280	esm2_t33_650M_UR50D	33	1022	1	>YTHDC1|HUMAN|requested=Q96MU7|resolved=Q96MU7 sp|Q96MU7|YTDC1_HUMAN YTH domain-containing protein 1 OS=Homo sapiens OX=9606 GN=YTHDC1 PE=1 SV=3
211	YTHDC2|HUMAN|Q9H6S0	YTHDC2	HUMAN	Q9H6S0	1430	1280	esm2_t33_650M_UR50D	33	1022	2	>YTHDC2|HUMAN|requested=Q9H6S0|resolved=Q9H6S0 sp|Q9H6S0|YTDC2_HUMAN 3'-5' RNA helicase YTHDC2 OS=Homo sapiens OX=9606 GN=YTHDC2 PE=1 SV=2
212	YTHDF1|HUMAN|Q9BYJ9	YTHDF1	HUMAN	Q9BYJ9	559	1280	esm2_t33_650M_UR50D	33	1022	1	>YTHDF1|HUMAN|requested=Q9BYJ9|resolved=Q9BYJ9 sp|Q9BYJ9|YTHD1_HUMAN YTH domain-containing family protein 1 OS=Homo sapiens OX=9606 GN=YTHDF1 PE=1 SV=1
213	YTHDF2|HUMAN|Q9Y5A9	YTHDF2	HUMAN	Q9Y5A9	579	1280	esm2_t33_650M_UR50D	33	1022	1	>YTHDF2|HUMAN|requested=Q9Y5A9|resolved=Q9Y5A9 sp|Q9Y5A9|YTHD2_HUMAN YTH domain-containing family protein 2 OS=Homo sapiens OX=9606 GN=YTHDF2 PE=1 SV=2
214	YTHDF3|HUMAN|Q7Z739	YTHDF3	HUMAN	Q7Z739	585	1280	esm2_t33_650M_UR50D	33	1022	1	>YTHDF3|HUMAN|requested=Q7Z739|resolved=Q7Z739 sp|Q7Z739|YTHD3_HUMAN YTH domain-containing family protein 3 OS=Homo sapiens OX=9606 GN=YTHDF3 PE=1 SV=1
215	YWHAG|HUMAN|P61981	YWHAG	HUMAN	P61981	247	1280	esm2_t33_650M_UR50D	33	1022	1	>YWHAG|HUMAN|requested=P61981|resolved=P61981 sp|P61981|1433G_HUMAN 14-3-3 protein gamma OS=Homo sapiens OX=9606 GN=YWHAG PE=1 SV=2
216	ZC3H11A|HUMAN|O75152	ZC3H11A	HUMAN	O75152	810	1280	esm2_t33_650M_UR50D	33	1022	1	>ZC3H11A|HUMAN|requested=O75152|resolved=O75152 sp|O75152|ZC11A_HUMAN Zinc finger CCCH domain-containing protein 11A OS=Homo sapiens OX=9606 GN=ZC3H11A PE=1 SV=3
217	ZC3H7B|HUMAN|Q9UGR2	ZC3H7B	HUMAN	Q9UGR2	977	1280	esm2_t33_650M_UR50D	33	1022	1	>ZC3H7B|HUMAN|requested=Q9UGR2|resolved=Q9UGR2 sp|Q9UGR2|Z3H7B_HUMAN Zinc finger CCCH domain-containing protein 7B OS=Homo sapiens OX=9606 GN=ZC3H7B PE=1 SV=2
218	ZC3H8|HUMAN|Q8N5P1	ZC3H8	HUMAN	Q8N5P1	291	1280	esm2_t33_650M_UR50D	33	1022	1	>ZC3H8|HUMAN|requested=Q8N5P1|resolved=Q8N5P1 sp|Q8N5P1|ZC3H8_HUMAN Zinc finger CCCH domain-containing protein 8 OS=Homo sapiens OX=9606 GN=ZC3H8 PE=1 SV=2
219	ZNF622|HUMAN|Q969S3	ZNF622	HUMAN	Q969S3	477	1280	esm2_t33_650M_UR50D	33	1022	1	>ZNF622|HUMAN|requested=Q969S3|resolved=Q969S3 sp|Q969S3|ZN622_HUMAN Cytoplasmic 60S subunit biogenesis factor ZNF622 OS=Homo sapiens OX=9606 GN=ZNF622 PE=1 SV=1
220	ZNF800|HUMAN|Q2TB10	ZNF800	HUMAN	Q2TB10	664	1280	esm2_t33_650M_UR50D	33	1022	1	>ZNF800|HUMAN|requested=Q2TB10|resolved=Q2TB10 sp|Q2TB10|ZN800_HUMAN Zinc finger protein 800 OS=Homo sapiens OX=9606 GN=ZNF800 PE=1 SV=1
221	ZRANB2|HUMAN|O95218	ZRANB2	HUMAN	O95218	330	1280	esm2_t33_650M_UR50D	33	1022	1	>ZRANB2|HUMAN|requested=O95218|resolved=O95218 sp|O95218|ZRAB2_HUMAN Zinc finger Ran-binding domain-containing protein 2 OS=Homo sapiens OX=9606 GN=ZRANB2 PE=1 SV=2
222	AGO2|MOUSE|Q8CJG0	AGO2	MOUSE	Q8CJG0	860	1280	esm2_t33_650M_UR50D	33	1022	1	>AGO2|MOUSE|requested=Q8CJG0|resolved=Q8CJG0 sp|Q8CJG0|AGO2_MOUSE Protein argonaute-2 OS=Mus musculus OX=10090 GN=Ago2 PE=1 SV=3
223	APC|MOUSE|Q61315	APC	MOUSE	Q61315	2845	1280	esm2_t33_650M_UR50D	33	1022	3	>APC|MOUSE|requested=APC|resolved=Q61315 sp|Q61315|APC_MOUSE Adenomatous polyposis coli protein OS=Mus musculus OX=10090 GN=Apc PE=1 SV=1
224	CELF1|MOUSE|P28659	CELF1	MOUSE	P28659	486	1280	esm2_t33_650M_UR50D	33	1022	1	>CELF1|MOUSE|requested=CELF1|resolved=P28659 sp|P28659|CELF1_MOUSE CUGBP Elav-like family member 1 OS=Mus musculus OX=10090 GN=Celf1 PE=1 SV=2
225	CELF2|MOUSE|Q9Z0H4	CELF2	MOUSE	Q9Z0H4	508	1280	esm2_t33_650M_UR50D	33	1022	1	>CELF2|MOUSE|requested=Q9Z0H4|resolved=Q9Z0H4 sp|Q9Z0H4|CELF2_MOUSE CUGBP Elav-like family member 2 OS=Mus musculus OX=10090 GN=Celf2 PE=1 SV=1
226	CELF4|MOUSE|Q7TSY6	CELF4	MOUSE	Q7TSY6	486	1280	esm2_t33_650M_UR50D	33	1022	1	>CELF4|MOUSE|requested=CELF4|resolved=Q7TSY6 sp|Q7TSY6|CELF4_MOUSE CUGBP Elav-like family member 4 OS=Mus musculus OX=10090 GN=Celf4 PE=1 SV=2
227	CIRBP|MOUSE|P60824	CIRBP	MOUSE	P60824	172	1280	esm2_t33_650M_UR50D	33	1022	1	>CIRBP|MOUSE|requested=CIRBP|resolved=P60824 sp|P60824|CIRBP_MOUSE Cold-inducible RNA-binding protein OS=Mus musculus OX=10090 GN=Cirbp PE=1 SV=1
228	CPSF6|MOUSE|Q6NVF9	CPSF6	MOUSE	Q6NVF9	551	1280	esm2_t33_650M_UR50D	33	1022	1	>CPSF6|MOUSE|requested=Q6NVF9|resolved=Q6NVF9 sp|Q6NVF9|CPSF6_MOUSE Cleavage and polyadenylation specificity factor subunit 6 OS=Mus musculus OX=10090 GN=Cpsf6 PE=1 SV=1
229	CREBBP|MOUSE|P45481	CREBBP	MOUSE	P45481	2441	1280	esm2_t33_650M_UR50D	33	1022	3	>CREBBP|MOUSE|requested=CREBBP|resolved=P45481 sp|P45481|CBP_MOUSE Histone lysine acetyltransferase CREBBP OS=Mus musculus OX=10090 GN=Crebbp PE=1 SV=3
230	ELAVL1|MOUSE|P70372	ELAVL1	MOUSE	P70372	326	1280	esm2_t33_650M_UR50D	33	1022	1	>ELAVL1|MOUSE|requested=P70372|resolved=P70372 sp|P70372|ELAV1_MOUSE ELAV-like protein 1 OS=Mus musculus OX=10090 GN=Elavl1 PE=1 SV=2
231	EZH2|MOUSE|Q61188	EZH2	MOUSE	Q61188	746	1280	esm2_t33_650M_UR50D	33	1022	1	>EZH2|MOUSE|requested=Q61188|resolved=Q61188 sp|Q61188|EZH2_MOUSE Histone-lysine N-methyltransferase EZH2 OS=Mus musculus OX=10090 GN=Ezh2 PE=1 SV=2
232	FAM120A|MOUSE|Q6A0A9	FAM120A	MOUSE	Q6A0A9	1112	1280	esm2_t33_650M_UR50D	33	1022	2	>FAM120A|MOUSE|requested=Q6A0A9|resolved=Q6A0A9 sp|Q6A0A9|F120A_MOUSE Constitutive coactivator of PPAR-gamma-like protein 1 OS=Mus musculus OX=10090 GN=FAM120A PE=1 SV=2
233	FUS|MOUSE|P56959	FUS	MOUSE	P56959	518	1280	esm2_t33_650M_UR50D	33	1022	1	>FUS|MOUSE|requested=P56959|resolved=P56959 sp|P56959|FUS_MOUSE RNA-binding protein FUS OS=Mus musculus OX=10090 GN=Fus PE=1 SV=1
234	HNRNPR|MOUSE|Q8VHM5	HNRNPR	MOUSE	Q8VHM5	632	1280	esm2_t33_650M_UR50D	33	1022	1	>HNRNPR|MOUSE|requested=HNRNPR|resolved=Q8VHM5 tr|Q8VHM5|Q8VHM5_MOUSE Heterogeneous nuclear ribonucleoprotein Q OS=Mus musculus OX=10090 GN=Hnrnpr PE=1 SV=1
235	LIN28A|MOUSE|Q8K3Y3	LIN28A	MOUSE	Q8K3Y3	209	1280	esm2_t33_650M_UR50D	33	1022	1	>LIN28A|MOUSE|requested=Q8K3Y3|resolved=Q8K3Y3 sp|Q8K3Y3|LN28A_MOUSE Protein lin-28 homolog A OS=Mus musculus OX=10090 GN=Lin28a PE=1 SV=1
236	MBNL1|MOUSE|Q9JKP5	MBNL1	MOUSE	Q9JKP5	341	1280	esm2_t33_650M_UR50D	33	1022	1	>MBNL1|MOUSE|requested=MBNL1|resolved=Q9JKP5 sp|Q9JKP5|MBNL1_MOUSE Muscleblind-like protein 1 OS=Mus musculus OX=10090 GN=Mbnl1 PE=1 SV=1
237	MBNL2|MOUSE|Q8C181	MBNL2	MOUSE	Q8C181	373	1280	esm2_t33_650M_UR50D	33	1022	1	>MBNL2|MOUSE|requested=Q8C181|resolved=Q8C181 sp|Q8C181|MBNL2_MOUSE Muscleblind-like protein 2 OS=Mus musculus OX=10090 GN=Mbnl2 PE=2 SV=2
238	MSI2|MOUSE|Q920Q6	MSI2	MOUSE	Q920Q6	346	1280	esm2_t33_650M_UR50D	33	1022	1	>MSI2|MOUSE|requested=MSI2|resolved=Q920Q6 sp|Q920Q6|MSI2H_MOUSE RNA-binding protein Musashi homolog 2 OS=Mus musculus OX=10090 GN=Msi2 PE=1 SV=1
239	NOVA1|MOUSE|Q9JKN6	NOVA1	MOUSE	Q9JKN6	507	1280	esm2_t33_650M_UR50D	33	1022	1	>NOVA1|MOUSE|requested=NOVA1|resolved=Q9JKN6 sp|Q9JKN6|NOVA1_MOUSE RNA-binding protein Nova-1 OS=Mus musculus OX=10090 GN=Nova1 PE=1 SV=2
240	NOVA2|MOUSE|A0A1W2P872	NOVA2	MOUSE	A0A1W2P872	492	1280	esm2_t33_650M_UR50D	33	1022	1	>NOVA2|MOUSE|requested=NOVA2|resolved=A0A1W2P872 sp|A0A1W2P872|NOVA2_MOUSE RNA-binding protein Nova-2 OS=Mus musculus OX=10090 GN=Nova2 PE=1 SV=1
241	PABPC1|MOUSE|P29341	PABPC1	MOUSE	P29341	636	1280	esm2_t33_650M_UR50D	33	1022	1	>PABPC1|MOUSE|requested=PABPC1|resolved=P29341 sp|P29341|PABP1_MOUSE Polyadenylate-binding protein 1 OS=Mus musculus OX=10090 GN=Pabpc1 PE=1 SV=2
242	POU5F1|MOUSE|P20263	POU5F1	MOUSE	P20263	352	1280	esm2_t33_650M_UR50D	33	1022	1	>POU5F1|MOUSE|requested=POU5F1|resolved=P20263 sp|P20263|PO5F1_MOUSE POU domain, class 5, transcription factor 1 OS=Mus musculus OX=10090 GN=Pou5f1 PE=1 SV=1
243	PTBP1|MOUSE|P17225	PTBP1	MOUSE	P17225	555	1280	esm2_t33_650M_UR50D	33	1022	1	>PTBP1|MOUSE|requested=P17225|resolved=P17225 sp|P17225|PTBP1_MOUSE Polypyrimidine tract-binding protein 1 OS=Mus musculus OX=10090 GN=Ptbp1 PE=1 SV=3
244	PTBP2|MOUSE|Q91Z31	PTBP2	MOUSE	Q91Z31	531	1280	esm2_t33_650M_UR50D	33	1022	1	>PTBP2|MOUSE|requested=PTBP2|resolved=Q91Z31 sp|Q91Z31|PTBP2_MOUSE Polypyrimidine tract-binding protein 2 OS=Mus musculus OX=10090 GN=Ptbp2 PE=1 SV=2
245	RBFOX1|MOUSE|Q9JJ43	RBFOX1	MOUSE	Q9JJ43	396	1280	esm2_t33_650M_UR50D	33	1022	1	>RBFOX1|MOUSE|requested=Q9JJ43|resolved=Q9JJ43 sp|Q9JJ43|RFOX1_MOUSE RNA binding protein fox-1 homolog 1 OS=Mus musculus OX=10090 GN=Rbfox1 PE=1 SV=3
246	RBFOX2|MOUSE|Q8BP71	RBFOX2	MOUSE	Q8BP71	449	1280	esm2_t33_650M_UR50D	33	1022	1	>RBFOX2|MOUSE|requested=Q8BP71|resolved=Q8BP71 sp|Q8BP71|RFOX2_MOUSE RNA binding protein fox-1 homolog 2 OS=Mus musculus OX=10090 GN=Rbfox2 PE=1 SV=2
247	RBFOX3|MOUSE|Q8BIF2	RBFOX3	MOUSE	Q8BIF2	374	1280	esm2_t33_650M_UR50D	33	1022	1	>RBFOX3|MOUSE|requested=RBFOX3|resolved=Q8BIF2 sp|Q8BIF2|RFOX3_MOUSE RNA binding protein fox-1 homolog 3 OS=Mus musculus OX=10090 GN=Rbfox3 PE=1 SV=2
248	RBM10|MOUSE|Q99KG3	RBM10	MOUSE	Q99KG3	930	1280	esm2_t33_650M_UR50D	33	1022	1	>RBM10|MOUSE|requested=Q99KG3|resolved=Q99KG3 sp|Q99KG3|RBM10_MOUSE RNA-binding protein 10 OS=Mus musculus OX=10090 GN=Rbm10 PE=1 SV=1
249	RBM3|MOUSE|O89086	RBM3	MOUSE	O89086	153	1280	esm2_t33_650M_UR50D	33	1022	1	>RBM3|MOUSE|requested=RBM3|resolved=O89086 sp|O89086|RBM3_MOUSE RNA-binding protein 3 OS=Mus musculus OX=10090 GN=Rbm3 PE=1 SV=1
250	SRRM4|MOUSE|Q8BKA3	SRRM4	MOUSE	Q8BKA3	608	1280	esm2_t33_650M_UR50D	33	1022	1	>SRRM4|MOUSE|requested=Q8BKA3|resolved=Q8BKA3 sp|Q8BKA3|SRRM4_MOUSE Serine/arginine repetitive matrix protein 4 OS=Mus musculus OX=10090 GN=Srrm4 PE=1 SV=1
251	SRSF1|MOUSE|Q6PDM2	SRSF1	MOUSE	Q6PDM2	248	1280	esm2_t33_650M_UR50D	33	1022	1	>SRSF1|MOUSE|requested=Q6PDM2|resolved=Q6PDM2 sp|Q6PDM2|SRSF1_MOUSE Serine/arginine-rich splicing factor 1 OS=Mus musculus OX=10090 GN=Srsf1 PE=1 SV=3
252	SRSF2|MOUSE|Q62093	SRSF2	MOUSE	Q62093	221	1280	esm2_t33_650M_UR50D	33	1022	1	>SRSF2|MOUSE|requested=SRSF2|resolved=Q62093 sp|Q62093|SRSF2_MOUSE Serine/arginine-rich splicing factor 2 OS=Mus musculus OX=10090 GN=Srsf2 PE=1 SV=4
253	SRSF3|MOUSE|P84104	SRSF3	MOUSE	P84104	164	1280	esm2_t33_650M_UR50D	33	1022	1	>SRSF3|MOUSE|requested=P84104|resolved=P84104 sp|P84104|SRSF3_MOUSE Serine/arginine-rich splicing factor 3 OS=Mus musculus OX=10090 GN=Srsf3 PE=1 SV=1
254	SRSF4|MOUSE|Q8VE97	SRSF4	MOUSE	Q8VE97	489	1280	esm2_t33_650M_UR50D	33	1022	1	>SRSF4|MOUSE|requested=SRSF4|resolved=Q8VE97 sp|Q8VE97|SRSF4_MOUSE Serine/arginine-rich splicing factor 4 OS=Mus musculus OX=10090 GN=Srsf4 PE=2 SV=1
255	SRSF7|MOUSE|Q8BL97	SRSF7	MOUSE	Q8BL97	267	1280	esm2_t33_650M_UR50D	33	1022	1	>SRSF7|MOUSE|requested=Q8BL97|resolved=Q8BL97 sp|Q8BL97|SRSF7_MOUSE Serine/arginine-rich splicing factor 7 OS=Mus musculus OX=10090 GN=Srsf7 PE=1 SV=1
256	TAF15|MOUSE|F6QCI0	TAF15	MOUSE	F6QCI0	324	1280	esm2_t33_650M_UR50D	33	1022	1	>TAF15|MOUSE|requested=F6QCI0|resolved=F6QCI0 tr|F6QCI0|F6QCI0_MOUSE TATA-box binding protein associated factor 15 (Fragment) OS=Mus musculus OX=10090 GN=Taf15 PE=1 SV=1
257	TARDBP|MOUSE|Q921F2	TARDBP	MOUSE	Q921F2	414	1280	esm2_t33_650M_UR50D	33	1022	1	>TARDBP|MOUSE|requested=Q921F2|resolved=Q921F2 sp|Q921F2|TADBP_MOUSE TAR DNA-binding protein 43 OS=Mus musculus OX=10090 GN=Tardbp PE=1 SV=1
258	TTP|MOUSE|P22893	TTP	MOUSE	P22893	319	1280	esm2_t33_650M_UR50D	33	1022	1	>TTP|MOUSE|requested=TTP|resolved=P22893 sp|P22893|TTP_MOUSE mRNA decay activator protein ZFP36 OS=Mus musculus OX=10090 GN=Zfp36 PE=1 SV=1
259	U2AF2|MOUSE|P26369	U2AF2	MOUSE	P26369	475	1280	esm2_t33_650M_UR50D	33	1022	1	>U2AF2|MOUSE|requested=P26369|resolved=P26369 sp|P26369|U2AF2_MOUSE Splicing factor U2AF 65 kDa subunit OS=Mus musculus OX=10090 GN=U2af2 PE=1 SV=3
260	UPF1|MOUSE|Q9EPU0	UPF1	MOUSE	Q9EPU0	1124	1280	esm2_t33_650M_UR50D	33	1022	2	>UPF1|MOUSE|requested=Q9EPU0|resolved=Q9EPU0 sp|Q9EPU0|RENT1_MOUSE Regulator of nonsense transcripts 1 OS=Mus musculus OX=10090 GN=Upf1 PE=1 SV=2
261	YTHDC2|MOUSE|B2RR83	YTHDC2	MOUSE	B2RR83	1445	1280	esm2_t33_650M_UR50D	33	1022	2	>YTHDC2|MOUSE|requested=B2RR83|resolved=B2RR83 sp|B2RR83|YTDC2_MOUSE 3'-5' RNA helicase YTHDC2 OS=Mus musculus OX=10090 GN=Ythdc2 PE=1 SV=1
262	YY1|MOUSE|Q00899	YY1	MOUSE	Q00899	414	1280	esm2_t33_650M_UR50D	33	1022	1	>YY1|MOUSE|requested=YY1|resolved=Q00899 sp|Q00899|TYY1_MOUSE Transcriptional repressor protein YY1 OS=Mus musculus OX=10090 GN=Yy1 PE=1 SV=1
263	ZFP36|MOUSE|P22893	ZFP36	MOUSE	P22893	319	1280	esm2_t33_650M_UR50D	33	1022	1	>ZFP36|MOUSE|requested=ZFP36|resolved=P22893 sp|P22893|TTP_MOUSE mRNA decay activator protein ZFP36 OS=Mus musculus OX=10090 GN=Zfp36 PE=1 SV=1
