gene_id	transcript_id	window_start	window_end	rna_seq
AT5G16970	AT5G16970.1	1	200	AGAUGACUCUAUAAAAGCAGCGGCGUCAUCGAGAGAAACCGAAGAAGAAGCAGUAACAAAUUUGGUGAAGUCACGAGAAUCAACGAUGACGGCGACGAACAAGCAAGUCAUAUUGAAAGACUACGUGAGUGGUUUCCCUACGGAAUCCGAUUUCGAUUUCACUACCACCACCGUCGAACUUAGGGUUCCGGAAGGUACUA
AT5G16970	AT5G16970.1	51	250	CAGUAACAAAUUUGGUGAAGUCACGAGAAUCAACGAUGACGGCGACGAACAAGCAAGUCAUAUUGAAAGACUACGUGAGUGGUUUCCCUACGGAAUCCGAUUUCGAUUUCACUACCACCACCGUCGAACUUAGGGUUCCGGAAGGUACUAACUCUGUUCUAGUGAAGAAUCUCUACUUGUCAUGCGAUCCUUACAUGAGA
AT5G16970	AT5G16970.1	101	300	AAGCAAGUCAUAUUGAAAGACUACGUGAGUGGUUUCCCUACGGAAUCCGAUUUCGAUUUCACUACCACCACCGUCGAACUUAGGGUUCCGGAAGGUACUAACUCUGUUCUAGUGAAGAAUCUCUACUUGUCAUGCGAUCCUUACAUGAGAAUUCGCAUGGGGAAACCUGAUCCUUCCACUGCUGCUCUUGCUCAAGCUUA
AT5G16970	AT5G16970.1	151	350	UUUCGAUUUCACUACCACCACCGUCGAACUUAGGGUUCCGGAAGGUACUAACUCUGUUCUAGUGAAGAAUCUCUACUUGUCAUGCGAUCCUUACAUGAGAAUUCGCAUGGGGAAACCUGAUCCUUCCACUGCUGCUCUUGCUCAAGCUUACACUCCCGGCCAGCCAAUCCAAGGGUAUGGAGUGUCUAGAAUAAUAGAAU
AT5G16970	AT5G16970.1	201	400	ACUCUGUUCUAGUGAAGAAUCUCUACUUGUCAUGCGAUCCUUACAUGAGAAUUCGCAUGGGGAAACCUGAUCCUUCCACUGCUGCUCUUGCUCAAGCUUACACUCCCGGCCAGCCAAUCCAAGGGUAUGGAGUGUCUAGAAUAAUAGAAUCUGGACAUCCAGAUUACAAGAAAGGAGAUUUACUCUGGGGUAUAGUUGCA
AT5G16970	AT5G16970.1	251	450	AUUCGCAUGGGGAAACCUGAUCCUUCCACUGCUGCUCUUGCUCAAGCUUACACUCCCGGCCAGCCAAUCCAAGGGUAUGGAGUGUCUAGAAUAAUAGAAUCUGGACAUCCAGAUUACAAGAAAGGAGAUUUACUCUGGGGUAUAGUUGCAUGGGAGGAGUACAGUGUUAUCACUCCAAUGACUCACGCGCAUUUCAAGAU
AT5G16970	AT5G16970.1	301	500	CACUCCCGGCCAGCCAAUCCAAGGGUAUGGAGUGUCUAGAAUAAUAGAAUCUGGACAUCCAGAUUACAAGAAAGGAGAUUUACUCUGGGGUAUAGUUGCAUGGGAGGAGUACAGUGUUAUCACUCCAAUGACUCACGCGCAUUUCAAGAUCCAACAUACUGAUGUUCCAUUAUCUUAUUACACUGGACUUUUAGGUAUGC
AT5G16970	AT5G16970.1	351	550	CUGGACAUCCAGAUUACAAGAAAGGAGAUUUACUCUGGGGUAUAGUUGCAUGGGAGGAGUACAGUGUUAUCACUCCAAUGACUCACGCGCAUUUCAAGAUCCAACAUACUGAUGUUCCAUUAUCUUAUUACACUGGACUUUUAGGUAUGCCUGGUAUGACUGCCUAUGCUGGGUUUUAUGAAGUUUGUUCUCCAAAGGAA
AT5G16970	AT5G16970.1	401	600	UGGGAGGAGUACAGUGUUAUCACUCCAAUGACUCACGCGCAUUUCAAGAUCCAACAUACUGAUGUUCCAUUAUCUUAUUACACUGGACUUUUAGGUAUGCCUGGUAUGACUGCCUAUGCUGGGUUUUAUGAAGUUUGUUCUCCAAAGGAAGGAGAGACAGUUUAUGUGUCAGCUGCAUCUGGUGCUGUUGGUCAGCUUGU
AT5G16970	AT5G16970.1	451	650	CCAACAUACUGAUGUUCCAUUAUCUUAUUACACUGGACUUUUAGGUAUGCCUGGUAUGACUGCCUAUGCUGGGUUUUAUGAAGUUUGUUCUCCAAAGGAAGGAGAGACAGUUUAUGUGUCAGCUGCAUCUGGUGCUGUUGGUCAGCUUGUGGGACAACUUGCUAAGAUGAUGGGCUGUUAUGUUGUUGGAAGCGCUGGAA
AT5G16970	AT5G16970.1	501	700	CUGGUAUGACUGCCUAUGCUGGGUUUUAUGAAGUUUGUUCUCCAAAGGAAGGAGAGACAGUUUAUGUGUCAGCUGCAUCUGGUGCUGUUGGUCAGCUUGUGGGACAACUUGCUAAGAUGAUGGGCUGUUAUGUUGUUGGAAGCGCUGGAAGUAAAGAGAAGGUUGAUCUUCUGAAGACCAAGUUUGGGUUUGAUGAUGCA
AT5G16970	AT5G16970.1	551	750	GGAGAGACAGUUUAUGUGUCAGCUGCAUCUGGUGCUGUUGGUCAGCUUGUGGGACAACUUGCUAAGAUGAUGGGCUGUUAUGUUGUUGGAAGCGCUGGAAGUAAAGAGAAGGUUGAUCUUCUGAAGACCAAGUUUGGGUUUGAUGAUGCAUUUAACUACAAGGAAGAAUCUGACCUUACUGCUGCCCUAAAAAGGUGUUU
AT5G16970	AT5G16970.1	601	800	GGGACAACUUGCUAAGAUGAUGGGCUGUUAUGUUGUUGGAAGCGCUGGAAGUAAAGAGAAGGUUGAUCUUCUGAAGACCAAGUUUGGGUUUGAUGAUGCAUUUAACUACAAGGAAGAAUCUGACCUUACUGCUGCCCUAAAAAGGUGUUUCCCUAAUGGCAUUGACAUAUACUUUGAGAAUGUAGGAGGCAAAAUGCUAG
AT5G16970	AT5G16970.1	651	850	GUAAAGAGAAGGUUGAUCUUCUGAAGACCAAGUUUGGGUUUGAUGAUGCAUUUAACUACAAGGAAGAAUCUGACCUUACUGCUGCCCUAAAAAGGUGUUUCCCUAAUGGCAUUGACAUAUACUUUGAGAAUGUAGGAGGCAAAAUGCUAGAUGCAGUGCUUGUGAACAUGAACAUGCACGGGCGUAUCGCUGUCUGUGGA
AT5G16970	AT5G16970.1	701	900	UUUAACUACAAGGAAGAAUCUGACCUUACUGCUGCCCUAAAAAGGUGUUUCCCUAAUGGCAUUGACAUAUACUUUGAGAAUGUAGGAGGCAAAAUGCUAGAUGCAGUGCUUGUGAACAUGAACAUGCACGGGCGUAUCGCUGUCUGUGGAAUGAUCUCACAGUACAAUCUUGAGAACCAGGAAGGUGUACACAACCUAUC
AT5G16970	AT5G16970.1	751	950	CCCUAAUGGCAUUGACAUAUACUUUGAGAAUGUAGGAGGCAAAAUGCUAGAUGCAGUGCUUGUGAACAUGAACAUGCACGGGCGUAUCGCUGUCUGUGGAAUGAUCUCACAGUACAAUCUUGAGAACCAGGAAGGUGUACACAACCUAUCCAACAUAAUCUACAAAAGAAUCCGCAUUCAAGGCUUUGUAGUGUCUGAUU
AT5G16970	AT5G16970.1	801	1000	AUGCAGUGCUUGUGAACAUGAACAUGCACGGGCGUAUCGCUGUCUGUGGAAUGAUCUCACAGUACAAUCUUGAGAACCAGGAAGGUGUACACAACCUAUCCAACAUAAUCUACAAAAGAAUCCGCAUUCAAGGCUUUGUAGUGUCUGAUUUCUACGACAAAUACUCAAAGUUCUUGGAGUUUGUGCUUCCCCACAUUAGA
AT5G16970	AT5G16970.1	851	1050	AUGAUCUCACAGUACAAUCUUGAGAACCAGGAAGGUGUACACAACCUAUCCAACAUAAUCUACAAAAGAAUCCGCAUUCAAGGCUUUGUAGUGUCUGAUUUCUACGACAAAUACUCAAAGUUCUUGGAGUUUGUGCUUCCCCACAUUAGAGAAGGGAAGAUAACGUACGUGGAAGAUGUAGCUGAUGGGCUUGAGAAAGC
AT5G16970	AT5G16970.1	901	1100	CAACAUAAUCUACAAAAGAAUCCGCAUUCAAGGCUUUGUAGUGUCUGAUUUCUACGACAAAUACUCAAAGUUCUUGGAGUUUGUGCUUCCCCACAUUAGAGAAGGGAAGAUAACGUACGUGGAAGAUGUAGCUGAUGGGCUUGAGAAAGCUCCCGAAGCUCUUGUGGGACUCUUCCAUGGUAAGAAUGUUGGGAAACAAG
AT5G16970	AT5G16970.1	951	1150	UCUACGACAAAUACUCAAAGUUCUUGGAGUUUGUGCUUCCCCACAUUAGAGAAGGGAAGAUAACGUACGUGGAAGAUGUAGCUGAUGGGCUUGAGAAAGCUCCCGAAGCUCUUGUGGGACUCUUCCAUGGUAAGAAUGUUGGGAAACAAGUUGUUGUUGUUGCUCGUGAGUGAAACUAUGUUUGAUACUUGUACUUUAUC
