rbp_id	query_protein_id	direction	rank	kmer	predicted_zscore
LOC_Os05g24160.1	ORYSJ|LOC_Os05g24160.1|Q0DJA3|original_rice7	positive	1	CUUUUUU	2.4796206951141357
LOC_Os05g24160.1	ORYSJ|LOC_Os05g24160.1|Q0DJA3|original_rice7	positive	2	UUUUUUU	2.338315963745117
LOC_Os05g24160.1	ORYSJ|LOC_Os05g24160.1|Q0DJA3|original_rice7	positive	3	UUUUUUC	2.117537498474121
LOC_Os05g24160.1	ORYSJ|LOC_Os05g24160.1|Q0DJA3|original_rice7	positive	4	CCUUUUU	2.0352251529693604
LOC_Os05g24160.1	ORYSJ|LOC_Os05g24160.1|Q0DJA3|original_rice7	positive	5	UUUUUCG	1.9625307321548462
LOC_Os05g24160.1	ORYSJ|LOC_Os05g24160.1|Q0DJA3|original_rice7	positive	6	UUUUUCU	1.946061611175537
LOC_Os05g24160.1	ORYSJ|LOC_Os05g24160.1|Q0DJA3|original_rice7	positive	7	ACUUUUU	1.8166296482086182
LOC_Os05g24160.1	ORYSJ|LOC_Os05g24160.1|Q0DJA3|original_rice7	positive	8	UUUUUUG	1.7747381925582886
LOC_Os05g24160.1	ORYSJ|LOC_Os05g24160.1|Q0DJA3|original_rice7	positive	9	AUUUUUU	1.7623521089553833
LOC_Os05g24160.1	ORYSJ|LOC_Os05g24160.1|Q0DJA3|original_rice7	positive	10	AUUUUUC	1.7414504289627075
LOC_Os05g24160.1	ORYSJ|LOC_Os05g24160.1|Q0DJA3|original_rice7	positive	11	UCUUUUU	1.7043490409851074
LOC_Os05g24160.1	ORYSJ|LOC_Os05g24160.1|Q0DJA3|original_rice7	positive	12	UUUUCUU	1.6747727394104004
LOC_Os05g24160.1	ORYSJ|LOC_Os05g24160.1|Q0DJA3|original_rice7	positive	13	GUUUUUU	1.6737114191055298
LOC_Os05g24160.1	ORYSJ|LOC_Os05g24160.1|Q0DJA3|original_rice7	positive	14	CUUUUCU	1.6694090366363525
LOC_Os05g24160.1	ORYSJ|LOC_Os05g24160.1|Q0DJA3|original_rice7	positive	15	ACCUUUU	1.6616023778915405
LOC_Os05g24160.1	ORYSJ|LOC_Os05g24160.1|Q0DJA3|original_rice7	positive	16	CUUUUUG	1.6606193780899048
LOC_Os05g24160.1	ORYSJ|LOC_Os05g24160.1|Q0DJA3|original_rice7	positive	17	CUUUUUC	1.6496926546096802
LOC_Os05g24160.1	ORYSJ|LOC_Os05g24160.1|Q0DJA3|original_rice7	positive	18	UACUUUU	1.632625937461853
LOC_Os05g24160.1	ORYSJ|LOC_Os05g24160.1|Q0DJA3|original_rice7	positive	19	UUUCUUU	1.628800630569458
LOC_Os05g24160.1	ORYSJ|LOC_Os05g24160.1|Q0DJA3|original_rice7	positive	20	CAAUUUU	1.6233514547348022
LOC_Os05g24160.1	ORYSJ|LOC_Os05g24160.1|Q0DJA3|original_rice7	positive	21	CUAUUUU	1.6197395324707031
LOC_Os05g24160.1	ORYSJ|LOC_Os05g24160.1|Q0DJA3|original_rice7	positive	22	UGUUUGU	1.6188318729400635
LOC_Os05g24160.1	ORYSJ|LOC_Os05g24160.1|Q0DJA3|original_rice7	positive	23	UUUUCCU	1.618138074874878
LOC_Os05g24160.1	ORYSJ|LOC_Os05g24160.1|Q0DJA3|original_rice7	positive	24	UUUUUGU	1.616812825202942
LOC_Os05g24160.1	ORYSJ|LOC_Os05g24160.1|Q0DJA3|original_rice7	positive	25	CAUUUUU	1.603342056274414
LOC_Os05g24160.1	ORYSJ|LOC_Os05g24160.1|Q0DJA3|original_rice7	negative	1	GAAAAAA	-1.2084317207336426
LOC_Os05g24160.1	ORYSJ|LOC_Os05g24160.1|Q0DJA3|original_rice7	negative	2	GAAAAAG	-1.1886818408966064
LOC_Os05g24160.1	ORYSJ|LOC_Os05g24160.1|Q0DJA3|original_rice7	negative	3	AGAAAAA	-1.1878831386566162
LOC_Os05g24160.1	ORYSJ|LOC_Os05g24160.1|Q0DJA3|original_rice7	negative	4	AAAAAGA	-1.1727486848831177
LOC_Os05g24160.1	ORYSJ|LOC_Os05g24160.1|Q0DJA3|original_rice7	negative	5	AAAAAAG	-1.133531928062439
LOC_Os05g24160.1	ORYSJ|LOC_Os05g24160.1|Q0DJA3|original_rice7	negative	6	AGAAAAG	-1.1226927042007446
LOC_Os05g24160.1	ORYSJ|LOC_Os05g24160.1|Q0DJA3|original_rice7	negative	7	AAAAGAG	-1.1146717071533203
LOC_Os05g24160.1	ORYSJ|LOC_Os05g24160.1|Q0DJA3|original_rice7	negative	8	GAAAGAA	-1.0809305906295776
LOC_Os05g24160.1	ORYSJ|LOC_Os05g24160.1|Q0DJA3|original_rice7	negative	9	GAAAAGA	-1.0762282609939575
LOC_Os05g24160.1	ORYSJ|LOC_Os05g24160.1|Q0DJA3|original_rice7	negative	10	GAAGGAA	-1.06058669090271
LOC_Os05g24160.1	ORYSJ|LOC_Os05g24160.1|Q0DJA3|original_rice7	negative	11	AGAAAGA	-1.0566918849945068
LOC_Os05g24160.1	ORYSJ|LOC_Os05g24160.1|Q0DJA3|original_rice7	negative	12	AAAAAGG	-1.0552417039871216
LOC_Os05g24160.1	ORYSJ|LOC_Os05g24160.1|Q0DJA3|original_rice7	negative	13	AAAGAAG	-1.0353944301605225
LOC_Os05g24160.1	ORYSJ|LOC_Os05g24160.1|Q0DJA3|original_rice7	negative	14	AAAAGAA	-1.0308409929275513
LOC_Os05g24160.1	ORYSJ|LOC_Os05g24160.1|Q0DJA3|original_rice7	negative	15	GAAAAGG	-1.0164660215377808
LOC_Os05g24160.1	ORYSJ|LOC_Os05g24160.1|Q0DJA3|original_rice7	negative	16	GAGAAAG	-1.0106829404830933
LOC_Os05g24160.1	ORYSJ|LOC_Os05g24160.1|Q0DJA3|original_rice7	negative	17	GGAAAAA	-1.0085610151290894
LOC_Os05g24160.1	ORYSJ|LOC_Os05g24160.1|Q0DJA3|original_rice7	negative	18	GAAGGAG	-1.006669521331787
LOC_Os05g24160.1	ORYSJ|LOC_Os05g24160.1|Q0DJA3|original_rice7	negative	19	GGAAAGA	-1.0047996044158936
LOC_Os05g24160.1	ORYSJ|LOC_Os05g24160.1|Q0DJA3|original_rice7	negative	20	AAAGAAA	-0.9998172521591187
LOC_Os05g24160.1	ORYSJ|LOC_Os05g24160.1|Q0DJA3|original_rice7	negative	21	AAAGGAG	-0.9994555711746216
LOC_Os05g24160.1	ORYSJ|LOC_Os05g24160.1|Q0DJA3|original_rice7	negative	22	GAAAGAG	-0.996868371963501
LOC_Os05g24160.1	ORYSJ|LOC_Os05g24160.1|Q0DJA3|original_rice7	negative	23	AAGGAAA	-0.9896283745765686
LOC_Os05g24160.1	ORYSJ|LOC_Os05g24160.1|Q0DJA3|original_rice7	negative	24	AGAGUCG	-0.9892643690109253
LOC_Os05g24160.1	ORYSJ|LOC_Os05g24160.1|Q0DJA3|original_rice7	negative	25	AAGAAAA	-0.9858118295669556
